"Job Name","Working Title","Location","Organization Name","Department Description","Brief Description","Detailed Description","Job Requirements","Additional Details","How To Apply","Link"
"IRC35644...","Product Manager","Alpharetta, GA, US","0014 4004 Product Development - Retail On-line","","","","","","","https://careers.etrade.com/OA_HTML/OA.jsp?page=/oracle/apps/irc/candidateSelfService/webui/VisVacDispPG&OAHP=IRC_EXT_SITE_VISITOR_APPL&OASF=IRC_VIS_VAC_DISPLAY&akRegionApplicationId=821&transactionid=850332156&retainAM=N&addBreadCrumb=RP&p_svid=35644&p_spid=386563&oapc=6&oas=2V4o_Bav33yD8754etk81A.."
"IRC35623...","Tax, Senior Manager","Jersey City, NJ, US","1056 2200 Global Trading Operations - Shared Services","","","","","","","https://careers.etrade.com/OA_HTML/OA.jsp?page=/oracle/apps/irc/candidateSelfService/webui/VisVacDispPG&OAHP=IRC_EXT_SITE_VISITOR_APPL&OASF=IRC_VIS_VAC_DISPLAY&akRegionApplicationId=821&transactionid=850332156&retainAM=N&addBreadCrumb=RP&p_svid=35623&p_spid=385570&oapc=9&oas=aHy2JXQsbiRF96gwoI7zEg.."
"IRC35504...","Product Manager - Long Term Investing","Menlo Park, CA, US","0014 4004 Product Development - Retail On-line","","","","","","","https://careers.etrade.com/OA_HTML/OA.jsp?page=/oracle/apps/irc/candidateSelfService/webui/VisVacDispPG&OAHP=IRC_EXT_SITE_VISITOR_APPL&OASF=IRC_VIS_VAC_DISPLAY&akRegionApplicationId=821&transactionid=850332156&retainAM=N&addBreadCrumb=RP&p_svid=35504&p_spid=383564&oapc=12&oas=YCj34sRBB5M2oyjWao_O3Q.."
"IRC35269...","Senior Staff, IT Project Management","Jersey City, NJ, US","0001 5045 Security Compliance - Tech","","","","","","","https://careers.etrade.com/OA_HTML/OA.jsp?page=/oracle/apps/irc/candidateSelfService/webui/VisVacDispPG&OAHP=IRC_EXT_SITE_VISITOR_APPL&OASF=IRC_VIS_VAC_DISPLAY&akRegionApplicationId=821&transactionid=850332156&retainAM=N&addBreadCrumb=RP&p_svid=35269&p_spid=376571&oapc=15&oas=ButNId5D1UvXkbNcFwFSZg.."
"IRC29161...","Financial Consultant","Brentwood, CA, US","0013 4024 E*Trade Center - 0103","","","","","","","https://careers.etrade.com/OA_HTML/OA.jsp?page=/oracle/apps/irc/candidateSelfService/webui/VisVacDispPG&OAHP=IRC_EXT_SITE_VISITOR_APPL&OASF=IRC_VIS_VAC_DISPLAY&akRegionApplicationId=821&transactionid=850332156&retainAM=N&addBreadCrumb=RP&p_svid=29161&p_spid=113581&oapc=18&oas=X50SDeacKunDd2x5oC5IDQ.."
"IRC35104...","Sales Consultant","Alpharetta, GA, US","0040 4006 Direct Sales - BSG","","","","","","","https://careers.etrade.com/OA_HTML/OA.jsp?page=/oracle/apps/irc/candidateSelfService/webui/VisVacDispPG&OAHP=IRC_EXT_SITE_VISITOR_APPL&OASF=IRC_VIS_VAC_DISPLAY&akRegionApplicationId=821&transactionid=850332156&retainAM=N&addBreadCrumb=RP&p_svid=35104&p_spid=371564&oapc=21&oas=sQQlEp5J9dJcXrisqibzcA.."
"IRC35406...","Product Architect","Alpharetta, GA, US","0040 4012 Product Management - BSG","","","","","","","https://careers.etrade.com/OA_HTML/OA.jsp?page=/oracle/apps/irc/candidateSelfService/webui/VisVacDispPG&OAHP=IRC_EXT_SITE_VISITOR_APPL&OASF=IRC_VIS_VAC_DISPLAY&akRegionApplicationId=821&transactionid=850332156&retainAM=N&addBreadCrumb=RP&p_svid=35406&p_spid=380566&oapc=24&oas=YtMOJWYaoVbPz25RI5dKUQ.."
"IRC34366...","SENIOR STAFF, QUALITY ASSURANCE ENGINEER","Menlo Park, CA, US","0001 5037 Software QA - Shared Services","","","","","","","https://careers.etrade.com/OA_HTML/OA.jsp?page=/oracle/apps/irc/candidateSelfService/webui/VisVacDispPG&OAHP=IRC_EXT_SITE_VISITOR_APPL&OASF=IRC_VIS_VAC_DISPLAY&akRegionApplicationId=821&transactionid=850332156&retainAM=N&addBreadCrumb=RP&p_svid=34366&p_spid=339566&oapc=27&oas=cr_OzwRdj2oUoDoGqHciSg.."
"IRC35105...","Account Executive","Alpharetta, GA, US","0040 4006 Direct Sales - BSG","","","","","","","https://careers.etrade.com/OA_HTML/OA.jsp?page=/oracle/apps/irc/candidateSelfService/webui/VisVacDispPG&OAHP=IRC_EXT_SITE_VISITOR_APPL&OASF=IRC_VIS_VAC_DISPLAY&akRegionApplicationId=821&transactionid=850332156&retainAM=N&addBreadCrumb=RP&p_svid=35105&p_spid=371565&oapc=30&oas=jbGxMmJiYD4gV8_HYg2ygQ.."
"IRC31803...","Private Client Specialist","Sandy, UT, US","0014 4042 Corporate Client Services - Corporate Services","","","","","","","https://careers.etrade.com/OA_HTML/OA.jsp?page=/oracle/apps/irc/candidateSelfService/webui/VisVacDispPG&OAHP=IRC_EXT_SITE_VISITOR_APPL&OASF=IRC_VIS_VAC_DISPLAY&akRegionApplicationId=821&transactionid=850332156&retainAM=N&addBreadCrumb=RP&p_svid=31803&p_spid=239563&oapc=33&oas=pOE5K1tLe9rPScjsan5yQw.."
"IRC34183...","Senior Staff, IT Project Management","Arlington, VA, US","0001 5004 MIS - Tech","","","","","","","https://careers.etrade.com/OA_HTML/OA.jsp?page=/oracle/apps/irc/candidateSelfService/webui/VisVacDispPG&OAHP=IRC_EXT_SITE_VISITOR_APPL&OASF=IRC_VIS_VAC_DISPLAY&akRegionApplicationId=821&transactionid=850332156&retainAM=N&addBreadCrumb=RP&p_svid=34183&p_spid=332563&oapc=37&oas=6r7tQb0wBR_oPCn07wdImw.."
"IRC35368...","Business Reporting Analyst","Alpharetta, GA, US","0014 3482 Business Analysis - Retail - Admin","","","","","","","https://careers.etrade.com/OA_HTML/OA.jsp?page=/oracle/apps/irc/candidateSelfService/webui/VisVacDispPG&OAHP=IRC_EXT_SITE_VISITOR_APPL&OASF=IRC_VIS_VAC_DISPLAY&akRegionApplicationId=821&transactionid=850332156&retainAM=N&addBreadCrumb=RP&p_svid=35368&p_spid=378571&oapc=40&oas=KKD_jdFC_JSPgxWRRcU7zw.."
"IRC34544...","Staff Network Operations","Alpharetta, GA, US","0001 2020 Network/Telecom Operations - Shared Services","","","","","","","https://careers.etrade.com/OA_HTML/OA.jsp?page=/oracle/apps/irc/candidateSelfService/webui/VisVacDispPG&OAHP=IRC_EXT_SITE_VISITOR_APPL&OASF=IRC_VIS_VAC_DISPLAY&akRegionApplicationId=821&transactionid=850332156&retainAM=N&addBreadCrumb=RP&p_svid=34544&p_spid=347564&oapc=43&oas=I1LTy0-cUYIHJc9vH0mUGg.."
"IRC34865...","Senior Systems Engineer, Market Data Engineering","Alpharetta, GA, US","0001 2020 Network/Telecom Operations - Shared Services","","","","","","","https://careers.etrade.com/OA_HTML/OA.jsp?page=/oracle/apps/irc/candidateSelfService/webui/VisVacDispPG&OAHP=IRC_EXT_SITE_VISITOR_APPL&OASF=IRC_VIS_VAC_DISPLAY&akRegionApplicationId=821&transactionid=850332156&retainAM=N&addBreadCrumb=RP&p_svid=34865&p_spid=358570&oapc=46&oas=MNao2AGKp-idaA6CX48sCw.."
"IRC35374...","Senior JQuery Developer","Menlo Park, CA, US","0001 5016 Web Development - Tech","","","","","","","https://careers.etrade.com/OA_HTML/OA.jsp?page=/oracle/apps/irc/candidateSelfService/webui/VisVacDispPG&OAHP=IRC_EXT_SITE_VISITOR_APPL&OASF=IRC_VIS_VAC_DISPLAY&akRegionApplicationId=821&transactionid=850332156&retainAM=N&addBreadCrumb=RP&p_svid=35374&p_spid=378577&oapc=49&oas=BtdXpZTGyj1jrz2bKCzhzg.."
"IRC35224...","Principal, IT Project Management","Menlo Park, CA, US","0001 5003 Technology Management - Tech","","","","","","","https://careers.etrade.com/OA_HTML/OA.jsp?page=/oracle/apps/irc/candidateSelfService/webui/VisVacDispPG&OAHP=IRC_EXT_SITE_VISITOR_APPL&OASF=IRC_VIS_VAC_DISPLAY&akRegionApplicationId=821&transactionid=850332156&retainAM=N&addBreadCrumb=RP&p_svid=35224&p_spid=375564&oapc=52&oas=86zNX-kIUkcQYT19noQLsw.."
"IRC35373...","Senior QJuery Developer","Menlo Park, CA, US","0001 5016 Web Development - Tech","","","","","","","https://careers.etrade.com/OA_HTML/OA.jsp?page=/oracle/apps/irc/candidateSelfService/webui/VisVacDispPG&OAHP=IRC_EXT_SITE_VISITOR_APPL&OASF=IRC_VIS_VAC_DISPLAY&akRegionApplicationId=821&transactionid=850332156&retainAM=N&addBreadCrumb=RP&p_svid=35373&p_spid=378576&oapc=55&oas=roVpWhmRGDKb_nqOEvP0Dg.."
"IRC34863...","Senior Staff, Systems Administration","Alpharetta, GA, US","0001 2012 System Engineering - Shared Services","","","","","","","https://careers.etrade.com/OA_HTML/OA.jsp?page=/oracle/apps/irc/candidateSelfService/webui/VisVacDispPG&OAHP=IRC_EXT_SITE_VISITOR_APPL&OASF=IRC_VIS_VAC_DISPLAY&akRegionApplicationId=821&transactionid=850332156&retainAM=N&addBreadCrumb=RP&p_svid=34863&p_spid=358568&oapc=58&oas=wFRg02jqgK6B0j0sgSZAtg.."
"IRC35270...","Investment Product Specialist","Jersey City, NJ, US","0014 4036 RM Product Specialists - 0103","","","","","","","https://careers.etrade.com/OA_HTML/OA.jsp?page=/oracle/apps/irc/candidateSelfService/webui/VisVacDispPG&OAHP=IRC_EXT_SITE_VISITOR_APPL&OASF=IRC_VIS_VAC_DISPLAY&akRegionApplicationId=821&transactionid=850332156&retainAM=N&addBreadCrumb=RP&p_svid=35270&p_spid=376572&oapc=61&oas=oYrCJMuD66TJKXRhdHaXXw.."
"IRC35283...","Manager - Client Services","Sandy, UT, US","0040 2354 Corporate Support - Corporate Services","","","","","","","https://careers.etrade.com/OA_HTML/OA.jsp?page=/oracle/apps/irc/candidateSelfService/webui/VisVacDispPG&OAHP=IRC_EXT_SITE_VISITOR_APPL&OASF=IRC_VIS_VAC_DISPLAY&akRegionApplicationId=821&transactionid=850332156&retainAM=N&addBreadCrumb=RP&p_svid=35283&p_spid=377563&oapc=64&oas=n43h6edDNeePZqlgEIB-iA.."
"IRC35303...","Mutual Funds Operations Supervisor","Jersey City, NJ, US","1056 2200 Global Trading Operations - Shared Services","","","","","","","https://careers.etrade.com/OA_HTML/OA.jsp?page=/oracle/apps/irc/candidateSelfService/webui/VisVacDispPG&OAHP=IRC_EXT_SITE_VISITOR_APPL&OASF=IRC_VIS_VAC_DISPLAY&akRegionApplicationId=821&transactionid=850332156&retainAM=N&addBreadCrumb=RP&p_svid=35303&p_spid=376573&oapc=68&oas=94psisOG6RhGabX9lw1KGQ.."
"IRC35284...","Senior Credit Risk ETL Analyst","Arlington, VA, US","1010 2264 Credit - Central Admin","","","","","","","https://careers.etrade.com/OA_HTML/OA.jsp?page=/oracle/apps/irc/candidateSelfService/webui/VisVacDispPG&OAHP=IRC_EXT_SITE_VISITOR_APPL&OASF=IRC_VIS_VAC_DISPLAY&akRegionApplicationId=821&transactionid=850332156&retainAM=N&addBreadCrumb=RP&p_svid=35284&p_spid=377564&oapc=71&oas=UA8nhDse5gp1n46JgYdoFg.."
"IRC35244...","Large Market Manager, Client Services","Sandy, UT, US","0040 2354 Corporate Support - Corporate Services","","","","","","","https://careers.etrade.com/OA_HTML/OA.jsp?page=/oracle/apps/irc/candidateSelfService/webui/VisVacDispPG&OAHP=IRC_EXT_SITE_VISITOR_APPL&OASF=IRC_VIS_VAC_DISPLAY&akRegionApplicationId=821&transactionid=850332156&retainAM=N&addBreadCrumb=RP&p_svid=35244&p_spid=376564&oapc=74&oas=JkmY1e_nCSld9VzCPEBuMw.."
"IRC34807...","Senior Staff, Software Engineering","Arlington, VA, US","0001 5004 MIS - Tech","","","","","","","https://careers.etrade.com/OA_HTML/OA.jsp?page=/oracle/apps/irc/candidateSelfService/webui/VisVacDispPG&OAHP=IRC_EXT_SITE_VISITOR_APPL&OASF=IRC_VIS_VAC_DISPLAY&akRegionApplicationId=821&transactionid=850332156&retainAM=N&addBreadCrumb=RP&p_svid=34807&p_spid=358567&oapc=77&oas=elyyE_CR2Ju1VO2omXbcag.."
"IRC34383...","Senior Staff - Software Engineering","Arlington, VA, US","0001 5004 MIS - Tech","","","","","","","https://careers.etrade.com/OA_HTML/OA.jsp?page=/oracle/apps/irc/candidateSelfService/webui/VisVacDispPG&OAHP=IRC_EXT_SITE_VISITOR_APPL&OASF=IRC_VIS_VAC_DISPLAY&akRegionApplicationId=821&transactionid=850332156&retainAM=N&addBreadCrumb=RP&p_svid=34383&p_spid=340563&oapc=80&oas=MbBb3EG5tnn1Bcv_wqfANg.."
"IRC35243...","Large Market Manager, Client Services","Alpharetta, GA, US","0040 2354 Corporate Support - Corporate Services","","","","","","","https://careers.etrade.com/OA_HTML/OA.jsp?page=/oracle/apps/irc/candidateSelfService/webui/VisVacDispPG&OAHP=IRC_EXT_SITE_VISITOR_APPL&OASF=IRC_VIS_VAC_DISPLAY&akRegionApplicationId=821&transactionid=850332156&retainAM=N&addBreadCrumb=RP&p_svid=35243&p_spid=376563&oapc=83&oas=ZtCM5y6xQWhkoBEuHc6Yxw.."
"IRC35145...","Senior Global Events Specialist","New York, NY, US","0001 3059 Global Events - Retail - Admin","","","","","","","https://careers.etrade.com/OA_HTML/OA.jsp?page=/oracle/apps/irc/candidateSelfService/webui/VisVacDispPG&OAHP=IRC_EXT_SITE_VISITOR_APPL&OASF=IRC_VIS_VAC_DISPLAY&akRegionApplicationId=821&transactionid=850332156&retainAM=N&addBreadCrumb=RP&p_svid=35145&p_spid=372565&oapc=86&oas=8oad1OONztlpvVPB1DVyZw.."
"IRC35203...","Product Manager","Menlo Park, CA, US","0014 4007 Wealth Mgmt - Product Mgmt - Retail On-line","","","","","","","https://careers.etrade.com/OA_HTML/OA.jsp?page=/oracle/apps/irc/candidateSelfService/webui/VisVacDispPG&OAHP=IRC_EXT_SITE_VISITOR_APPL&OASF=IRC_VIS_VAC_DISPLAY&akRegionApplicationId=821&transactionid=850332156&retainAM=N&addBreadCrumb=RP&p_svid=35203&p_spid=374563&oapc=89&oas=JoIAMrqMllMD7e506rriFA.."
"IRC34603...","Senior Business Analyst","Arlington, VA, US","0001 5017 Business Process Management - Shared Services","","","","","","","https://careers.etrade.com/OA_HTML/OA.jsp?page=/oracle/apps/irc/candidateSelfService/webui/VisVacDispPG&OAHP=IRC_EXT_SITE_VISITOR_APPL&OASF=IRC_VIS_VAC_DISPLAY&akRegionApplicationId=821&transactionid=850332156&retainAM=N&addBreadCrumb=RP&p_svid=34603&p_spid=349563&oapc=92&oas=I6Yl4_pjdvYI0umF-bikDQ.."
"IRC35024...","Financial Consultant","Fort Lauderdale, FL, US","0013 4024 E*Trade Center - 0103","","","","","","","https://careers.etrade.com/OA_HTML/OA.jsp?page=/oracle/apps/irc/candidateSelfService/webui/VisVacDispPG&OAHP=IRC_EXT_SITE_VISITOR_APPL&OASF=IRC_VIS_VAC_DISPLAY&akRegionApplicationId=821&transactionid=850332156&retainAM=N&addBreadCrumb=RP&p_svid=35024&p_spid=367564&oapc=95&oas=q7J-Uxu_0QeORAE_0he8-g.."
"IRC34966...","Credit Analyst","Arlington, VA, US","0001 2264 Credit - Central Admin","","","","","","","https://careers.etrade.com/OA_HTML/OA.jsp?page=/oracle/apps/irc/candidateSelfService/webui/VisVacDispPG&OAHP=IRC_EXT_SITE_VISITOR_APPL&OASF=IRC_VIS_VAC_DISPLAY&akRegionApplicationId=821&transactionid=850332156&retainAM=N&addBreadCrumb=RP&p_svid=34966&p_spid=364566&oapc=99&oas=DdUnUpO3gUzJOi0IWRJAvQ.."
"IRC34945...","Manager, Learning Architecture","Alpharetta, GA, US","0001 3200 HR Admin - Central Admin","","","","","","","https://careers.etrade.com/OA_HTML/OA.jsp?page=/oracle/apps/irc/candidateSelfService/webui/VisVacDispPG&OAHP=IRC_EXT_SITE_VISITOR_APPL&OASF=IRC_VIS_VAC_DISPLAY&akRegionApplicationId=821&transactionid=850332156&retainAM=N&addBreadCrumb=RP&p_svid=34945&p_spid=363565&oapc=102&oas=I-quvG4WPO-UciDZfddw2A.."
"IRC34690...","ETL Developer","Alpharetta, GA, US","0001 5039 Business Intelligence Systems - Tech","","","","","","","https://careers.etrade.com/OA_HTML/OA.jsp?page=/oracle/apps/irc/candidateSelfService/webui/VisVacDispPG&OAHP=IRC_EXT_SITE_VISITOR_APPL&OASF=IRC_VIS_VAC_DISPLAY&akRegionApplicationId=821&transactionid=850332156&retainAM=N&addBreadCrumb=RP&p_svid=34690&p_spid=353570&oapc=105&oas=Bjan0N9fARtW1hnt8eHm_A.."
"IRC34689...","Senior ETL Architect","Alpharetta, GA, US","0001 5039 Business Intelligence Systems - Tech","","","","","","","https://careers.etrade.com/OA_HTML/OA.jsp?page=/oracle/apps/irc/candidateSelfService/webui/VisVacDispPG&OAHP=IRC_EXT_SITE_VISITOR_APPL&OASF=IRC_VIS_VAC_DISPLAY&akRegionApplicationId=821&transactionid=850332156&retainAM=N&addBreadCrumb=RP&p_svid=34689&p_spid=353569&oapc=108&oas=OfE8nfZoP0NjmiyqbqoTQQ.."
"IRC34452...","Senior Software Developer","Jersey City, NJ, US","0001 5045 Security Compliance - Tech","","","","","","","https://careers.etrade.com/OA_HTML/OA.jsp?page=/oracle/apps/irc/candidateSelfService/webui/VisVacDispPG&OAHP=IRC_EXT_SITE_VISITOR_APPL&OASF=IRC_VIS_VAC_DISPLAY&akRegionApplicationId=821&transactionid=850332156&retainAM=N&addBreadCrumb=RP&p_svid=34452&p_spid=342574&oapc=111&oas=JuAFXFFP9qivUguHXjwWMQ.."
"IRC28049...","Corporate Services Financial Consultant","San Francisco, CA, US","0014 4042 Corporate Client Services - Corporate Services","","","","","","","https://careers.etrade.com/OA_HTML/OA.jsp?page=/oracle/apps/irc/candidateSelfService/webui/VisVacDispPG&OAHP=IRC_EXT_SITE_VISITOR_APPL&OASF=IRC_VIS_VAC_DISPLAY&akRegionApplicationId=821&transactionid=850332156&retainAM=N&addBreadCrumb=RP&p_svid=28049&p_spid=58569&oapc=114&oas=SnbgPSfeSpE5Ue4tck2mCA.."
"IRC34885...","Senior Broker, Global Markets Trading (Asia - Overnight Hours)","Chicago, IL, US","0014 3479 Order Management - Retail On-line","","","","","","","https://careers.etrade.com/OA_HTML/OA.jsp?page=/oracle/apps/irc/candidateSelfService/webui/VisVacDispPG&OAHP=IRC_EXT_SITE_VISITOR_APPL&OASF=IRC_VIS_VAC_DISPLAY&akRegionApplicationId=821&transactionid=850332156&retainAM=N&addBreadCrumb=RP&p_svid=34885&p_spid=360565&oapc=117&oas=9hw4_agXQZQ0gg1XvjprOw.."
"IRC34903...","Senior Staff, Software Engineering","Menlo Park, CA, US","0001 5008 Trading Systems - Tech","","","","","","","https://careers.etrade.com/OA_HTML/OA.jsp?page=/oracle/apps/irc/candidateSelfService/webui/VisVacDispPG&OAHP=IRC_EXT_SITE_VISITOR_APPL&OASF=IRC_VIS_VAC_DISPLAY&akRegionApplicationId=821&transactionid=850332156&retainAM=N&addBreadCrumb=RP&p_svid=34903&p_spid=361563&oapc=120&oas=qsFj-Vna_IksrQdmcU-a1g.."
"IRC28203...","Corporate Services Financial Consultants","Palo Alto, CA, US","0014 4042 Corporate Client Services - Corporate Services","","","","","","","https://careers.etrade.com/OA_HTML/OA.jsp?page=/oracle/apps/irc/candidateSelfService/webui/VisVacDispPG&OAHP=IRC_EXT_SITE_VISITOR_APPL&OASF=IRC_VIS_VAC_DISPLAY&akRegionApplicationId=821&transactionid=850332156&retainAM=N&addBreadCrumb=RP&p_svid=28203&p_spid=64569&oapc=123&oas=nWaxJvL8q9F84l59ypZwBQ.."
"IRC34769...","Equity Compensation Associate","Sandy, UT, US","0040 2354 Corporate Support - Corporate Services","","","","","","","https://careers.etrade.com/OA_HTML/OA.jsp?page=/oracle/apps/irc/candidateSelfService/webui/VisVacDispPG&OAHP=IRC_EXT_SITE_VISITOR_APPL&OASF=IRC_VIS_VAC_DISPLAY&akRegionApplicationId=821&transactionid=850332156&retainAM=N&addBreadCrumb=RP&p_svid=34769&p_spid=357563&oapc=126&oas=IiUOEZNMU71nrT3Y9uDn-w.."
"IRC34864...","Director, IT Project Management","Jersey City, NJ, US","0001 5038 ES Project Management - Shared Services","","","","","","","https://careers.etrade.com/OA_HTML/OA.jsp?page=/oracle/apps/irc/candidateSelfService/webui/VisVacDispPG&OAHP=IRC_EXT_SITE_VISITOR_APPL&OASF=IRC_VIS_VAC_DISPLAY&akRegionApplicationId=821&transactionid=850332156&retainAM=N&addBreadCrumb=RP&p_svid=34864&p_spid=358569&oapc=130&oas=vRYEIq5jZsVbuCtfl3gQ3A.."
"IRC34765...","External Financial Reporting - Lead Accountant","Arlington, VA, US","0001 3154 Accounting - Corp","","","","","","","https://careers.etrade.com/OA_HTML/OA.jsp?page=/oracle/apps/irc/candidateSelfService/webui/VisVacDispPG&OAHP=IRC_EXT_SITE_VISITOR_APPL&OASF=IRC_VIS_VAC_DISPLAY&akRegionApplicationId=821&transactionid=850332156&retainAM=N&addBreadCrumb=RP&p_svid=34765&p_spid=355565&oapc=133&oas=7W4-9Q0RLHZwngWU5RFn0Q.."
"IRC34803...","Manager, AML","Arlington, VA, US","0001 3312 Anti Money Laundering - Central Admin","","","","","","","https://careers.etrade.com/OA_HTML/OA.jsp?page=/oracle/apps/irc/candidateSelfService/webui/VisVacDispPG&OAHP=IRC_EXT_SITE_VISITOR_APPL&OASF=IRC_VIS_VAC_DISPLAY&akRegionApplicationId=821&transactionid=850332156&retainAM=N&addBreadCrumb=RP&p_svid=34803&p_spid=358563&oapc=136&oas=chhlyRZT57bAhFLlHgA5Tw.."
"IRC34451...","Software Engineering","Jersey City, NJ, US","0001 5045 Security Compliance - Tech","","","","","","","https://careers.etrade.com/OA_HTML/OA.jsp?page=/oracle/apps/irc/candidateSelfService/webui/VisVacDispPG&OAHP=IRC_EXT_SITE_VISITOR_APPL&OASF=IRC_VIS_VAC_DISPLAY&akRegionApplicationId=821&transactionid=850332156&retainAM=N&addBreadCrumb=RP&p_svid=34451&p_spid=342573&oapc=139&oas=91ydXprJ99kZNUkJx2L-6g.."
"IRC34824...","Senior Business Analyst","Jersey City, NJ, US","0014 2101 Program Management - Retail - Admin","","","","","","","https://careers.etrade.com/OA_HTML/OA.jsp?page=/oracle/apps/irc/candidateSelfService/webui/VisVacDispPG&OAHP=IRC_EXT_SITE_VISITOR_APPL&OASF=IRC_VIS_VAC_DISPLAY&akRegionApplicationId=821&transactionid=850332156&retainAM=N&addBreadCrumb=RP&p_svid=34824&p_spid=359564&oapc=142&oas=geEeLB8O4G1agS594rplOQ.."
"IRC33410...","Branch Service Representative","New York, NY, US","0013 4024 E*Trade Center - 0103","","","","","","","https://careers.etrade.com/OA_HTML/OA.jsp?page=/oracle/apps/irc/candidateSelfService/webui/VisVacDispPG&OAHP=IRC_EXT_SITE_VISITOR_APPL&OASF=IRC_VIS_VAC_DISPLAY&akRegionApplicationId=821&transactionid=850332156&retainAM=N&addBreadCrumb=RP&p_svid=33410&p_spid=303570&oapc=145&oas=Z5GdkG1GxYBO1mj0UvC0xA.."
"IRC34768...","Product Architect, Customer Web Experience","Alpharetta, GA, US","0040 4012 Product Management - BSG","","","","","","","https://careers.etrade.com/OA_HTML/OA.jsp?page=/oracle/apps/irc/candidateSelfService/webui/VisVacDispPG&OAHP=IRC_EXT_SITE_VISITOR_APPL&OASF=IRC_VIS_VAC_DISPLAY&akRegionApplicationId=821&transactionid=850332156&retainAM=N&addBreadCrumb=RP&p_svid=34768&p_spid=355568&oapc=148&oas=rNJTInfxZMzy6slDPC4OHA.."
"IRC34783...","Financial Consultant","Boston, MA, US","0013 4024 E*Trade Center - 0103","","","","","","","https://careers.etrade.com/OA_HTML/OA.jsp?page=/oracle/apps/irc/candidateSelfService/webui/VisVacDispPG&OAHP=IRC_EXT_SITE_VISITOR_APPL&OASF=IRC_VIS_VAC_DISPLAY&akRegionApplicationId=821&transactionid=850332156&retainAM=N&addBreadCrumb=RP&p_svid=34783&p_spid=356563&oapc=151&oas=W7eu1ZxCXCJnLCUVRQew_w.."
"IRC34643...","Equity Compensation Associate","Sandy, UT, US","0040 2354 Corporate Support - Corporate Services","","","","","","","https://careers.etrade.com/OA_HTML/OA.jsp?page=/oracle/apps/irc/candidateSelfService/webui/VisVacDispPG&OAHP=IRC_EXT_SITE_VISITOR_APPL&OASF=IRC_VIS_VAC_DISPLAY&akRegionApplicationId=821&transactionid=850332156&retainAM=N&addBreadCrumb=RP&p_svid=34643&p_spid=351563&oapc=154&oas=Kokhg_FD6VbD2tnKfMYTbw.."
"IRC34668...","Equity Compensation Associate","Alpharetta, GA, US","0040 2354 Corporate Support - Corporate Services","","","","","","","https://careers.etrade.com/OA_HTML/OA.jsp?page=/oracle/apps/irc/candidateSelfService/webui/VisVacDispPG&OAHP=IRC_EXT_SITE_VISITOR_APPL&OASF=IRC_VIS_VAC_DISPLAY&akRegionApplicationId=821&transactionid=850332156&retainAM=N&addBreadCrumb=RP&p_svid=34668&p_spid=352564&oapc=157&oas=jsSnGabsmugeR3Op2ai_bQ.."
"IRC34585...","Marketing Specialist - Content Manager","New York, NY, US","0001 4051 Site Marketing - Central Admin","","","","","","","https://careers.etrade.com/OA_HTML/OA.jsp?page=/oracle/apps/irc/candidateSelfService/webui/VisVacDispPG&OAHP=IRC_EXT_SITE_VISITOR_APPL&OASF=IRC_VIS_VAC_DISPLAY&akRegionApplicationId=821&transactionid=850332156&retainAM=N&addBreadCrumb=RP&p_svid=34585&p_spid=348565&oapc=161&oas=Xf3eWE9mVkumEipnvIzjPg.."
"IRC34666...","Product Support Analyst","Alpharetta, GA, US","0040 4012 Product Management - BSG","","","","","","","https://careers.etrade.com/OA_HTML/OA.jsp?page=/oracle/apps/irc/candidateSelfService/webui/VisVacDispPG&OAHP=IRC_EXT_SITE_VISITOR_APPL&OASF=IRC_VIS_VAC_DISPLAY&akRegionApplicationId=821&transactionid=850332156&retainAM=N&addBreadCrumb=RP&p_svid=34666&p_spid=351568&oapc=164&oas=b-QSXfgwQ2ak4slaq992HQ.."
"IRC34692...","Training Coordinator","Alpharetta, GA, US","0001 3200 HR Admin - Central Admin","","","","","","","https://careers.etrade.com/OA_HTML/OA.jsp?page=/oracle/apps/irc/candidateSelfService/webui/VisVacDispPG&OAHP=IRC_EXT_SITE_VISITOR_APPL&OASF=IRC_VIS_VAC_DISPLAY&akRegionApplicationId=821&transactionid=850332156&retainAM=N&addBreadCrumb=RP&p_svid=34692&p_spid=353572&oapc=167&oas=Nos45iHWR97w25FEDrwdfw.."
"IRC34567...","Emerging Market Segment Leader - Client Management","Alpharetta, GA, US","0040 4040 Account Management - BSG","","","","","","","https://careers.etrade.com/OA_HTML/OA.jsp?page=/oracle/apps/irc/candidateSelfService/webui/VisVacDispPG&OAHP=IRC_EXT_SITE_VISITOR_APPL&OASF=IRC_VIS_VAC_DISPLAY&akRegionApplicationId=821&transactionid=850332156&retainAM=N&addBreadCrumb=RP&p_svid=34567&p_spid=346568&oapc=170&oas=-7JtNMzS3rYPYciThkL4AA.."
"IRC34583...","Investment Product Representative","Jersey City, NJ, US","0014 4036 RM Product Specialists - 0103","","","","","","","https://careers.etrade.com/OA_HTML/OA.jsp?page=/oracle/apps/irc/candidateSelfService/webui/VisVacDispPG&OAHP=IRC_EXT_SITE_VISITOR_APPL&OASF=IRC_VIS_VAC_DISPLAY&akRegionApplicationId=821&transactionid=850332156&retainAM=N&addBreadCrumb=RP&p_svid=34583&p_spid=348563&oapc=173&oas=iy5-rcLKsKSalzyXqMXdxQ.."
"IRC34492...","Human Resources Generalist","Menlo Park, CA, US","0001 3200 HR Admin - Central Admin","","","","","","","https://careers.etrade.com/OA_HTML/OA.jsp?page=/oracle/apps/irc/candidateSelfService/webui/VisVacDispPG&OAHP=IRC_EXT_SITE_VISITOR_APPL&OASF=IRC_VIS_VAC_DISPLAY&akRegionApplicationId=821&transactionid=850332156&retainAM=N&addBreadCrumb=RP&p_svid=34492&p_spid=344572&oapc=176&oas=DLDXhbyV0P6Ix0kAPUcyNQ.."
"IRC34404...","Fraud Operations Analyst","Jersey City, NJ, US","0001 2272 Risk Mitigation - Shared Services","","","","","","","https://careers.etrade.com/OA_HTML/OA.jsp?page=/oracle/apps/irc/candidateSelfService/webui/VisVacDispPG&OAHP=IRC_EXT_SITE_VISITOR_APPL&OASF=IRC_VIS_VAC_DISPLAY&akRegionApplicationId=821&transactionid=850332156&retainAM=N&addBreadCrumb=RP&p_svid=34404&p_spid=341564&oapc=179&oas=7kmqPfqGEEldx7ogytgpfQ.."
"IRC32043...","VP, Corporate Tax","Arlington, VA, US","0001 3154 Accounting - Central Admin","","","","","","","https://careers.etrade.com/OA_HTML/OA.jsp?page=/oracle/apps/irc/candidateSelfService/webui/VisVacDispPG&OAHP=IRC_EXT_SITE_VISITOR_APPL&OASF=IRC_VIS_VAC_DISPLAY&akRegionApplicationId=821&transactionid=850332156&retainAM=N&addBreadCrumb=RP&p_svid=32043&p_spid=250563&oapc=182&oas=paUeWThsuFR7PW0k8yHVfQ.."
"IRC34453...","Financial Consultant","Roseville, CA, US","0013 4024 E*Trade Center - 0103","","","","","","","https://careers.etrade.com/OA_HTML/OA.jsp?page=/oracle/apps/irc/candidateSelfService/webui/VisVacDispPG&OAHP=IRC_EXT_SITE_VISITOR_APPL&OASF=IRC_VIS_VAC_DISPLAY&akRegionApplicationId=821&transactionid=850332156&retainAM=N&addBreadCrumb=RP&p_svid=34453&p_spid=342575&oapc=185&oas=wMooyS5Vr9tyF8m3Yh2UUA.."
"IRC34446...","Retail Sales Risk Manager","Alpharetta, GA, US","0013 4024 E*Trade Center - 0103","","","","","","","https://careers.etrade.com/OA_HTML/OA.jsp?page=/oracle/apps/irc/candidateSelfService/webui/VisVacDispPG&OAHP=IRC_EXT_SITE_VISITOR_APPL&OASF=IRC_VIS_VAC_DISPLAY&akRegionApplicationId=821&transactionid=850332156&retainAM=N&addBreadCrumb=RP&p_svid=34446&p_spid=342568&oapc=188&oas=2H0vXfIN0kHnsMpcVoi1Kg.."
"IRC34465...","Senior Operations Analyst","Jersey City, NJ, US","1056 2201 Margins Department - Shared Services","","","","","","","https://careers.etrade.com/OA_HTML/OA.jsp?page=/oracle/apps/irc/candidateSelfService/webui/VisVacDispPG&OAHP=IRC_EXT_SITE_VISITOR_APPL&OASF=IRC_VIS_VAC_DISPLAY&akRegionApplicationId=821&transactionid=850332156&retainAM=N&addBreadCrumb=RP&p_svid=34465&p_spid=343565&oapc=192&oas=VLQfPjoXGRUBmQrSEGbD1w.."
"IRC30022...","Financial Consultant","Boston, MA, US","0013 4024 E*Trade Center - 0103","","","","","","","https://careers.etrade.com/OA_HTML/OA.jsp?page=/oracle/apps/irc/candidateSelfService/webui/VisVacDispPG&OAHP=IRC_EXT_SITE_VISITOR_APPL&OASF=IRC_VIS_VAC_DISPLAY&akRegionApplicationId=821&transactionid=850332156&retainAM=N&addBreadCrumb=RP&p_svid=30022&p_spid=151562&oapc=195&oas=XG3l8TavLV2LMcwUswFAKA.."
"IRC34449...","Senior Web Developer","Menlo Park, CA, US","0001 5016 Web Development - Tech","","","","","","","https://careers.etrade.com/OA_HTML/OA.jsp?page=/oracle/apps/irc/candidateSelfService/webui/VisVacDispPG&OAHP=IRC_EXT_SITE_VISITOR_APPL&OASF=IRC_VIS_VAC_DISPLAY&akRegionApplicationId=821&transactionid=850332156&retainAM=N&addBreadCrumb=RP&p_svid=34449&p_spid=342571&oapc=198&oas=Ffn04qFS2xsaNhJzE4MjMw.."
"IRC32745...","Financial Consultant","Brentwood, CA, US","0013 4024 E*Trade Center - 0103","","","","","","","https://careers.etrade.com/OA_HTML/OA.jsp?page=/oracle/apps/irc/candidateSelfService/webui/VisVacDispPG&OAHP=IRC_EXT_SITE_VISITOR_APPL&OASF=IRC_VIS_VAC_DISPLAY&akRegionApplicationId=821&transactionid=850332156&retainAM=N&addBreadCrumb=RP&p_svid=32745&p_spid=277565&oapc=201&oas=pqKL9USN2LRyRbrUWzX9OQ.."
"IRC34246...","Associate Financial Services Representative","Alpharetta, GA, US","0014 2102 Customer Service QM and Training - 0103","","","","","","","https://careers.etrade.com/OA_HTML/OA.jsp?page=/oracle/apps/irc/candidateSelfService/webui/VisVacDispPG&OAHP=IRC_EXT_SITE_VISITOR_APPL&OASF=IRC_VIS_VAC_DISPLAY&akRegionApplicationId=821&transactionid=850332156&retainAM=N&addBreadCrumb=RP&p_svid=34246&p_spid=335566&oapc=204&oas=w_f4s_cXmp_LBIryvOhCkA.."
"IRC34345...","Staff Network Administration","Alpharetta, GA, US","0001 2020 Network/Telecom Operations - Shared Services","","","","","","","https://careers.etrade.com/OA_HTML/OA.jsp?page=/oracle/apps/irc/candidateSelfService/webui/VisVacDispPG&OAHP=IRC_EXT_SITE_VISITOR_APPL&OASF=IRC_VIS_VAC_DISPLAY&akRegionApplicationId=821&transactionid=850332156&retainAM=N&addBreadCrumb=RP&p_svid=34345&p_spid=338565&oapc=207&oas=90Vac0s-KRwsLblHqtRftg.."
"IRC34284...","Internal Auditor Manager","Arlington, VA, US","0001 3305 Internal Audit - Corp","","","","","","","https://careers.etrade.com/OA_HTML/OA.jsp?page=/oracle/apps/irc/candidateSelfService/webui/VisVacDispPG&OAHP=IRC_EXT_SITE_VISITOR_APPL&OASF=IRC_VIS_VAC_DISPLAY&akRegionApplicationId=821&transactionid=850332156&retainAM=N&addBreadCrumb=RP&p_svid=34284&p_spid=335569&oapc=210&oas=hC4wb0USrTieCU6JRVdphw.."
"IRC34344...","Sr. Equity Compensation Specialist","Alpharetta, GA, US","0040 2354 Corporate Support - Corporate Services","","","","","","","https://careers.etrade.com/OA_HTML/OA.jsp?page=/oracle/apps/irc/candidateSelfService/webui/VisVacDispPG&OAHP=IRC_EXT_SITE_VISITOR_APPL&OASF=IRC_VIS_VAC_DISPLAY&akRegionApplicationId=821&transactionid=850332156&retainAM=N&addBreadCrumb=RP&p_svid=34344&p_spid=338564&oapc=213&oas=4DcxILijB_cYyVUgngpuqg.."
"IRC34245...","Associate Financial Services Representative","Sandy, UT, US","0014 2050 Customer Service - 0103","","","","","","","https://careers.etrade.com/OA_HTML/OA.jsp?page=/oracle/apps/irc/candidateSelfService/webui/VisVacDispPG&OAHP=IRC_EXT_SITE_VISITOR_APPL&OASF=IRC_VIS_VAC_DISPLAY&akRegionApplicationId=821&transactionid=850332156&retainAM=N&addBreadCrumb=RP&p_svid=34245&p_spid=335565&oapc=216&oas=KEx0CCBQ5pze_sipZa8bSg.."
"IRC33943...","Corporate Security Administrator","Jersey City, NJ, US","0001 3306 Physical Security - Central Admin","","","","","","","https://careers.etrade.com/OA_HTML/OA.jsp?page=/oracle/apps/irc/candidateSelfService/webui/VisVacDispPG&OAHP=IRC_EXT_SITE_VISITOR_APPL&OASF=IRC_VIS_VAC_DISPLAY&akRegionApplicationId=821&transactionid=850332156&retainAM=N&addBreadCrumb=RP&p_svid=33943&p_spid=322563&oapc=219&oas=BFphWRcRCG1Fm_2OinhIcg.."
"IRC34025...","Financial Consultant","San Francisco, CA, US","0013 4024 E*Trade Center - 0103","","","","","","","https://careers.etrade.com/OA_HTML/OA.jsp?page=/oracle/apps/irc/candidateSelfService/webui/VisVacDispPG&OAHP=IRC_EXT_SITE_VISITOR_APPL&OASF=IRC_VIS_VAC_DISPLAY&akRegionApplicationId=821&transactionid=850332156&retainAM=N&addBreadCrumb=RP&p_svid=34025&p_spid=326565&oapc=223&oas=icFMvN3h2AxmEzhkjQMlqA.."
"IRC33923...","Product Architect, Customer Web Experience","Alpharetta, GA, US","0040 4012 Product Management - BSG","","","","","","","https://careers.etrade.com/OA_HTML/OA.jsp?page=/oracle/apps/irc/candidateSelfService/webui/VisVacDispPG&OAHP=IRC_EXT_SITE_VISITOR_APPL&OASF=IRC_VIS_VAC_DISPLAY&akRegionApplicationId=821&transactionid=850332156&retainAM=N&addBreadCrumb=RP&p_svid=33923&p_spid=321563&oapc=226&oas=pY1I_HoegLMA2vANZgcC1g.."
"IRC33645...","Intelligence and Analytics Security Specialist","Alpharetta, GA, US","0001 3300 Corporate Information Security - Central Admin","","","","","","","https://careers.etrade.com/OA_HTML/OA.jsp?page=/oracle/apps/irc/candidateSelfService/webui/VisVacDispPG&OAHP=IRC_EXT_SITE_VISITOR_APPL&OASF=IRC_VIS_VAC_DISPLAY&akRegionApplicationId=821&transactionid=850332156&retainAM=N&addBreadCrumb=RP&p_svid=33645&p_spid=312573&oapc=229&oas=IPOCe3ot8qaaKBSqKiE4NQ.."
"IRC33904...","Senior Staff, Software Engineering - Enterprise Systems Development","Alpharetta, GA, US","0001 5007 Enterprise Systems Development - Tech","","","","","","","https://careers.etrade.com/OA_HTML/OA.jsp?page=/oracle/apps/irc/candidateSelfService/webui/VisVacDispPG&OAHP=IRC_EXT_SITE_VISITOR_APPL&OASF=IRC_VIS_VAC_DISPLAY&akRegionApplicationId=821&transactionid=850332156&retainAM=N&addBreadCrumb=RP&p_svid=33904&p_spid=320564&oapc=232&oas=KZvj9Y8Pu_yqOXN6XBRyNQ.."
"IRC34064...","Benefits Manager","Jersey City, NJ, US","0001 3200 HR Admin - Central Admin","","","","","","","https://careers.etrade.com/OA_HTML/OA.jsp?page=/oracle/apps/irc/candidateSelfService/webui/VisVacDispPG&OAHP=IRC_EXT_SITE_VISITOR_APPL&OASF=IRC_VIS_VAC_DISPLAY&akRegionApplicationId=821&transactionid=850332156&retainAM=N&addBreadCrumb=RP&p_svid=34064&p_spid=328564&oapc=235&oas=f_SsBhFxzFnJVzJcFvqB8g.."
"IRC34045...","Lead Analyst, Business Finance","Arlington, VA, US","0001 3163 Corp F P and A - Central Admin","","","","","","","https://careers.etrade.com/OA_HTML/OA.jsp?page=/oracle/apps/irc/candidateSelfService/webui/VisVacDispPG&OAHP=IRC_EXT_SITE_VISITOR_APPL&OASF=IRC_VIS_VAC_DISPLAY&akRegionApplicationId=821&transactionid=850332156&retainAM=N&addBreadCrumb=RP&p_svid=34045&p_spid=327565&oapc=238&oas=3s63UyIsoc1kSvumiA5Hkw.."
"IRC34023...","Senior Manager, Quality Assurance","Menlo Park, CA, US","0001 5037 Software QA - Shared Services","","","","","","","https://careers.etrade.com/OA_HTML/OA.jsp?page=/oracle/apps/irc/candidateSelfService/webui/VisVacDispPG&OAHP=IRC_EXT_SITE_VISITOR_APPL&OASF=IRC_VIS_VAC_DISPLAY&akRegionApplicationId=821&transactionid=850332156&retainAM=N&addBreadCrumb=RP&p_svid=34023&p_spid=326563&oapc=241&oas=0iEXxmdmLR2ehgntGPS0oQ.."
"IRC34027...","Senior Staff, Software Engineering","Menlo Park, CA, US","0001 5036 Equity Edge Online - Technology - Shared Services","","","","","","","https://careers.etrade.com/OA_HTML/OA.jsp?page=/oracle/apps/irc/candidateSelfService/webui/VisVacDispPG&OAHP=IRC_EXT_SITE_VISITOR_APPL&OASF=IRC_VIS_VAC_DISPLAY&akRegionApplicationId=821&transactionid=850332156&retainAM=N&addBreadCrumb=RP&p_svid=34027&p_spid=326567&oapc=244&oas=KdMgx_vsxTodSF-Z-3u-gQ.."
"IRC33963...","Investigator","Alpharetta, GA, US","0001 3308 Corporate Security Investigations - Central Admin","","","","","","","https://careers.etrade.com/OA_HTML/OA.jsp?page=/oracle/apps/irc/candidateSelfService/webui/VisVacDispPG&OAHP=IRC_EXT_SITE_VISITOR_APPL&OASF=IRC_VIS_VAC_DISPLAY&akRegionApplicationId=821&transactionid=850332156&retainAM=N&addBreadCrumb=RP&p_svid=33963&p_spid=323563&oapc=247&oas=dRHqqxvIiHTAvzamyi-Evg.."
"IRC33583...","Staff, Systems Administration","Alpharetta, GA, US","0001 2005 System Operation - Tech","","","","","","","https://careers.etrade.com/OA_HTML/OA.jsp?page=/oracle/apps/irc/candidateSelfService/webui/VisVacDispPG&OAHP=IRC_EXT_SITE_VISITOR_APPL&OASF=IRC_VIS_VAC_DISPLAY&akRegionApplicationId=821&transactionid=850332156&retainAM=N&addBreadCrumb=RP&p_svid=33583&p_spid=310564&oapc=250&oas=cxK98I0dvBe-afrwVJ2RHQ.."
"IRC33629...","Senior Equity Compensation Analyst","Sandy, UT, US","0040 2354 Corporate Support - Corporate Services","","","","","","","https://careers.etrade.com/OA_HTML/OA.jsp?page=/oracle/apps/irc/candidateSelfService/webui/VisVacDispPG&OAHP=IRC_EXT_SITE_VISITOR_APPL&OASF=IRC_VIS_VAC_DISPLAY&akRegionApplicationId=821&transactionid=850332156&retainAM=N&addBreadCrumb=RP&p_svid=33629&p_spid=313569&oapc=254&oas=uVfqxCj2Uc-lR_ChJbmLFw.."
"IRC33310...","Senior operations analyst","Jersey City, NJ, US","1056 2375 Research and Operations - Shared Services","","","","","","","https://careers.etrade.com/OA_HTML/OA.jsp?page=/oracle/apps/irc/candidateSelfService/webui/VisVacDispPG&OAHP=IRC_EXT_SITE_VISITOR_APPL&OASF=IRC_VIS_VAC_DISPLAY&akRegionApplicationId=821&transactionid=850332156&retainAM=N&addBreadCrumb=RP&p_svid=33310&p_spid=300570&oapc=257&oas=mL_SZyeKuTiX1Kl69etZ8A.."
"IRC29463...","Product Manager","Alpharetta, GA, US","0014 4012 Product Management - Retail On-line","","","","","","","https://careers.etrade.com/OA_HTML/OA.jsp?page=/oracle/apps/irc/candidateSelfService/webui/VisVacDispPG&OAHP=IRC_EXT_SITE_VISITOR_APPL&OASF=IRC_VIS_VAC_DISPLAY&akRegionApplicationId=821&transactionid=850332156&retainAM=N&addBreadCrumb=RP&p_svid=29463&p_spid=128563&oapc=260&oas=J4uBLf55iB_2CKd2t5K_dA.."
"IRC33845...","Senior staff --IT architecture","Menlo Park, CA, US","0001 5010 A.C.E - Shared Services","","","","","","","https://careers.etrade.com/OA_HTML/OA.jsp?page=/oracle/apps/irc/candidateSelfService/webui/VisVacDispPG&OAHP=IRC_EXT_SITE_VISITOR_APPL&OASF=IRC_VIS_VAC_DISPLAY&akRegionApplicationId=821&transactionid=850332156&retainAM=N&addBreadCrumb=RP&p_svid=33845&p_spid=318565&oapc=263&oas=4Jigaj1KxYhLr-6zh2nSzg.."
"IRC33883...","HR Generalist","Arlington, VA, US","0001 3200 HR Admin - Central Admin","","","","","","","https://careers.etrade.com/OA_HTML/OA.jsp?page=/oracle/apps/irc/candidateSelfService/webui/VisVacDispPG&OAHP=IRC_EXT_SITE_VISITOR_APPL&OASF=IRC_VIS_VAC_DISPLAY&akRegionApplicationId=821&transactionid=850332156&retainAM=N&addBreadCrumb=RP&p_svid=33883&p_spid=319563&oapc=266&oas=uc6xSwqDf6uxJvcPiAvlXg.."
"IRC33725...","Associate, Software Engineering","Menlo Park, CA, US","0001 5005 Retail Brokerage - Tech","","","","","","","https://careers.etrade.com/OA_HTML/OA.jsp?page=/oracle/apps/irc/candidateSelfService/webui/VisVacDispPG&OAHP=IRC_EXT_SITE_VISITOR_APPL&OASF=IRC_VIS_VAC_DISPLAY&akRegionApplicationId=821&transactionid=850332156&retainAM=N&addBreadCrumb=RP&p_svid=33725&p_spid=317565&oapc=269&oas=Avh9oYigLk49LBPwYZesVQ.."
"IRC33591...","Implementation Specialist","Alpharetta, GA, US","0040 4012 Product Management - BSG","","","","","","","https://careers.etrade.com/OA_HTML/OA.jsp?page=/oracle/apps/irc/candidateSelfService/webui/VisVacDispPG&OAHP=IRC_EXT_SITE_VISITOR_APPL&OASF=IRC_VIS_VAC_DISPLAY&akRegionApplicationId=821&transactionid=850332156&retainAM=N&addBreadCrumb=RP&p_svid=33591&p_spid=312565&oapc=272&oas=B5su6selrm30y3l3NvdmdA.."
"IRC33604...","Project Manager / Analyst","Jersey City, NJ, US","0014 4000 Relationship Management Admin - 0103","","","","","","","https://careers.etrade.com/OA_HTML/OA.jsp?page=/oracle/apps/irc/candidateSelfService/webui/VisVacDispPG&OAHP=IRC_EXT_SITE_VISITOR_APPL&OASF=IRC_VIS_VAC_DISPLAY&akRegionApplicationId=821&transactionid=850332156&retainAM=N&addBreadCrumb=RP&p_svid=33604&p_spid=311564&oapc=275&oas=alm4Qf62ZP65-TkTfM6KWA.."
"IRC32846...","IT Project Manager - Data Warehouse","Alpharetta, GA, US","0001 5039 Business Intelligence Systems - Tech","","","","","","","https://careers.etrade.com/OA_HTML/OA.jsp?page=/oracle/apps/irc/candidateSelfService/webui/VisVacDispPG&OAHP=IRC_EXT_SITE_VISITOR_APPL&OASF=IRC_VIS_VAC_DISPLAY&akRegionApplicationId=821&transactionid=850332156&retainAM=N&addBreadCrumb=RP&p_svid=32846&p_spid=281566&oapc=278&oas=PRngl1O5vLvke2QyoRe-pQ.."
"IRC33594...","Associate, Software Engineering","Menlo Park, CA, US","0001 5016 Web Development - Tech","","","","","","","https://careers.etrade.com/OA_HTML/OA.jsp?page=/oracle/apps/irc/candidateSelfService/webui/VisVacDispPG&OAHP=IRC_EXT_SITE_VISITOR_APPL&OASF=IRC_VIS_VAC_DISPLAY&akRegionApplicationId=821&transactionid=850332156&retainAM=N&addBreadCrumb=RP&p_svid=33594&p_spid=312568&oapc=281&oas=N3rkP03QAU7Wx9sw4RiWig.."
"IRC33627...","Financial Consultant","Houston, TX, US","0013 4024 E*Trade Center - 0103","","","","","","","https://careers.etrade.com/OA_HTML/OA.jsp?page=/oracle/apps/irc/candidateSelfService/webui/VisVacDispPG&OAHP=IRC_EXT_SITE_VISITOR_APPL&OASF=IRC_VIS_VAC_DISPLAY&akRegionApplicationId=821&transactionid=850332156&retainAM=N&addBreadCrumb=RP&p_svid=33627&p_spid=313567&oapc=285&oas=tPk1Lseywk_G15LIi0xnJA.."
"IRC33404...","Financial Services Representative","Alpharetta, GA, US","0014 2102 Customer Service QM and Training - 0103","","","","","","","https://careers.etrade.com/OA_HTML/OA.jsp?page=/oracle/apps/irc/candidateSelfService/webui/VisVacDispPG&OAHP=IRC_EXT_SITE_VISITOR_APPL&OASF=IRC_VIS_VAC_DISPLAY&akRegionApplicationId=821&transactionid=850332156&retainAM=N&addBreadCrumb=RP&p_svid=33404&p_spid=303564&oapc=288&oas=n4cL-qrC5FptrtPBihuqqg.."
"IRC33428...","Associate, Software Engineering","Menlo Park, CA, US","0001 5008 Trading Systems - Tech","","","","","","","https://careers.etrade.com/OA_HTML/OA.jsp?page=/oracle/apps/irc/candidateSelfService/webui/VisVacDispPG&OAHP=IRC_EXT_SITE_VISITOR_APPL&OASF=IRC_VIS_VAC_DISPLAY&akRegionApplicationId=821&transactionid=850332156&retainAM=N&addBreadCrumb=RP&p_svid=33428&p_spid=304568&oapc=291&oas=7WHxfyl7fgN37nf9BSgtDg.."
"IRC33632...","Associate, Software Engineering","Menlo Park, CA, US","0001 5043 Retail Banking - Tech","","","","","","","https://careers.etrade.com/OA_HTML/OA.jsp?page=/oracle/apps/irc/candidateSelfService/webui/VisVacDispPG&OAHP=IRC_EXT_SITE_VISITOR_APPL&OASF=IRC_VIS_VAC_DISPLAY&akRegionApplicationId=821&transactionid=850332156&retainAM=N&addBreadCrumb=RP&p_svid=33632&p_spid=313572&oapc=294&oas=C76QgAWVtxWrVkbkiPngng.."
"IRC33631...","Associate, Software Engineering","Menlo Park, CA, US","0001 5006 Advanced Platforms - Shared Services","","","","","","","https://careers.etrade.com/OA_HTML/OA.jsp?page=/oracle/apps/irc/candidateSelfService/webui/VisVacDispPG&OAHP=IRC_EXT_SITE_VISITOR_APPL&OASF=IRC_VIS_VAC_DISPLAY&akRegionApplicationId=821&transactionid=850332156&retainAM=N&addBreadCrumb=RP&p_svid=33631&p_spid=313571&oapc=297&oas=Z7XltGwIe_IjEf8Dfi5dIw.."
"IRC33633...","Associate, Software Engineering","Menlo Park, CA, US","0001 5043 Retail Banking - Tech","","","","","","","https://careers.etrade.com/OA_HTML/OA.jsp?page=/oracle/apps/irc/candidateSelfService/webui/VisVacDispPG&OAHP=IRC_EXT_SITE_VISITOR_APPL&OASF=IRC_VIS_VAC_DISPLAY&akRegionApplicationId=821&transactionid=850332156&retainAM=N&addBreadCrumb=RP&p_svid=33633&p_spid=313573&oapc=300&oas=1VwngyRigpOyQOM3lmEDbQ.."
"IRC33606...","Associate, Software Engineering","Menlo Park, CA, US","0001 5006 Advanced Platforms - Shared Services","","","","","","","https://careers.etrade.com/OA_HTML/OA.jsp?page=/oracle/apps/irc/candidateSelfService/webui/VisVacDispPG&OAHP=IRC_EXT_SITE_VISITOR_APPL&OASF=IRC_VIS_VAC_DISPLAY&akRegionApplicationId=821&transactionid=850332156&retainAM=N&addBreadCrumb=RP&p_svid=33606&p_spid=311566&oapc=303&oas=BNguJ4Vurk3ZVwEopFRtAw.."
"IRC33588...","Financial Consultant","Sandy, UT, US","0014 4032 Relationship Management Call Centers - 0103","","","","","","","https://careers.etrade.com/OA_HTML/OA.jsp?page=/oracle/apps/irc/candidateSelfService/webui/VisVacDispPG&OAHP=IRC_EXT_SITE_VISITOR_APPL&OASF=IRC_VIS_VAC_DISPLAY&akRegionApplicationId=821&transactionid=850332156&retainAM=N&addBreadCrumb=RP&p_svid=33588&p_spid=310569&oapc=306&oas=oZNxaQN8xmE6qNZK5sOvCw.."
"IRC33521...","Investment Product Specialist","Jersey City, NJ, US","0014 4036 RM Product Specialists - 0103","","","","","","","https://careers.etrade.com/OA_HTML/OA.jsp?page=/oracle/apps/irc/candidateSelfService/webui/VisVacDispPG&OAHP=IRC_EXT_SITE_VISITOR_APPL&OASF=IRC_VIS_VAC_DISPLAY&akRegionApplicationId=821&transactionid=850332156&retainAM=N&addBreadCrumb=RP&p_svid=33521&p_spid=308581&oapc=309&oas=32EggpLJSnMWM7KlaI-6Fw.."
"IRC33546...","Associate, Software Engineering","Menlo Park, CA, US","0001 5008 Trading Systems - Tech","","","","","","","https://careers.etrade.com/OA_HTML/OA.jsp?page=/oracle/apps/irc/candidateSelfService/webui/VisVacDispPG&OAHP=IRC_EXT_SITE_VISITOR_APPL&OASF=IRC_VIS_VAC_DISPLAY&akRegionApplicationId=821&transactionid=850332156&retainAM=N&addBreadCrumb=RP&p_svid=33546&p_spid=309571&oapc=312&oas=5WT-PXbJDPkZw0gPg-3TGA.."
"IRC33565...","Marketing Specialist - Corporate Services","Jersey City, NJ, US","0001 4050 Segment Marketing - Central Admin","","","","","","","https://careers.etrade.com/OA_HTML/OA.jsp?page=/oracle/apps/irc/candidateSelfService/webui/VisVacDispPG&OAHP=IRC_EXT_SITE_VISITOR_APPL&OASF=IRC_VIS_VAC_DISPLAY&akRegionApplicationId=821&transactionid=850332156&retainAM=N&addBreadCrumb=RP&p_svid=33565&p_spid=308585&oapc=316&oas=OKmKlaEovJLcPr0z20XlpQ.."
"IRC33545...","Financial Consultant","Garden City, NY, US","0013 4024 E*Trade Center - 0103","","","","","","","https://careers.etrade.com/OA_HTML/OA.jsp?page=/oracle/apps/irc/candidateSelfService/webui/VisVacDispPG&OAHP=IRC_EXT_SITE_VISITOR_APPL&OASF=IRC_VIS_VAC_DISPLAY&akRegionApplicationId=821&transactionid=850332156&retainAM=N&addBreadCrumb=RP&p_svid=33545&p_spid=309570&oapc=319&oas=AHxJBq8QolgfjigezRKG9g.."
"IRC33513...","Associate, Software Engineering","Menlo Park, CA, US","0001 5013 COMMUNITY &amp; CONTENT - Shared Services","","","","","","","https://careers.etrade.com/OA_HTML/OA.jsp?page=/oracle/apps/irc/candidateSelfService/webui/VisVacDispPG&OAHP=IRC_EXT_SITE_VISITOR_APPL&OASF=IRC_VIS_VAC_DISPLAY&akRegionApplicationId=821&transactionid=850332156&retainAM=N&addBreadCrumb=RP&p_svid=33513&p_spid=308573&oapc=322&oas=DGBxlQKW693b-noRKH1GDg.."
"IRC33464...","Financial Consultant","Scarsdale, NY, US","0013 4024 E*Trade Center - 0103","","","","","","","https://careers.etrade.com/OA_HTML/OA.jsp?page=/oracle/apps/irc/candidateSelfService/webui/VisVacDispPG&OAHP=IRC_EXT_SITE_VISITOR_APPL&OASF=IRC_VIS_VAC_DISPLAY&akRegionApplicationId=821&transactionid=850332156&retainAM=N&addBreadCrumb=RP&p_svid=33464&p_spid=306564&oapc=325&oas=tOrTT1OUu2fzsBgGOBCSjQ.."
"IRC33409...","Financial Consultant","New York, NY, US","0013 4024 E*Trade Center - 0103","","","","","","","https://careers.etrade.com/OA_HTML/OA.jsp?page=/oracle/apps/irc/candidateSelfService/webui/VisVacDispPG&OAHP=IRC_EXT_SITE_VISITOR_APPL&OASF=IRC_VIS_VAC_DISPLAY&akRegionApplicationId=821&transactionid=850332156&retainAM=N&addBreadCrumb=RP&p_svid=33409&p_spid=303569&oapc=328&oas=mjd81R7ael-YLgQlG7oBlQ.."
"IRC33429...","Assosiate Software Engineering","Menlo Park, CA, US","0001 5034 ACCOUNT MANAGEMENT - Shared Services","","","","","","","https://careers.etrade.com/OA_HTML/OA.jsp?page=/oracle/apps/irc/candidateSelfService/webui/VisVacDispPG&OAHP=IRC_EXT_SITE_VISITOR_APPL&OASF=IRC_VIS_VAC_DISPLAY&akRegionApplicationId=821&transactionid=850332156&retainAM=N&addBreadCrumb=RP&p_svid=33429&p_spid=304569&oapc=331&oas=JPooAi7hQ8qhfMpVTyWl3g.."
"IRC33427...","Financial Consultant - Orlando Branch","Orlando, FL, US","0013 4024 E*Trade Center - 0103","","","","","","","https://careers.etrade.com/OA_HTML/OA.jsp?page=/oracle/apps/irc/candidateSelfService/webui/VisVacDispPG&OAHP=IRC_EXT_SITE_VISITOR_APPL&OASF=IRC_VIS_VAC_DISPLAY&akRegionApplicationId=821&transactionid=850332156&retainAM=N&addBreadCrumb=RP&p_svid=33427&p_spid=304567&oapc=334&oas=LjVLZN-TcbrgoEZkjvoOIQ.."
"IRC33423...","Financial Consultant","Morristown, NJ, US","0013 4024 E*Trade Center - 0103","","","","","","","https://careers.etrade.com/OA_HTML/OA.jsp?page=/oracle/apps/irc/candidateSelfService/webui/VisVacDispPG&OAHP=IRC_EXT_SITE_VISITOR_APPL&OASF=IRC_VIS_VAC_DISPLAY&akRegionApplicationId=821&transactionid=850332156&retainAM=N&addBreadCrumb=RP&p_svid=33423&p_spid=304563&oapc=337&oas=n3qW5BHGnvB8sXrzO_zK2g.."
"IRC33406...","Financial Consultant","New York, NY, US","0013 4024 E*Trade Center - 0103","","","","","","","https://careers.etrade.com/OA_HTML/OA.jsp?page=/oracle/apps/irc/candidateSelfService/webui/VisVacDispPG&OAHP=IRC_EXT_SITE_VISITOR_APPL&OASF=IRC_VIS_VAC_DISPLAY&akRegionApplicationId=821&transactionid=850332156&retainAM=N&addBreadCrumb=RP&p_svid=33406&p_spid=303566&oapc=340&oas=qVtBZkzWN4vcNINzo6E22g.."
"IRC32406...","Control-M and Monitoring Tools Automation Engineer","Alpharetta, GA, US","0001 2012 System Engineering - Shared Services","","","","","","","https://careers.etrade.com/OA_HTML/OA.jsp?page=/oracle/apps/irc/candidateSelfService/webui/VisVacDispPG&OAHP=IRC_EXT_SITE_VISITOR_APPL&OASF=IRC_VIS_VAC_DISPLAY&akRegionApplicationId=821&transactionid=850332156&retainAM=N&addBreadCrumb=RP&p_svid=32406&p_spid=263566&oapc=343&oas=tM5UCfR3BHVOQ_M1LFxAEg.."
"IRC33265...","Manager, Product Management","Jersey City, NJ, US","0014 4012 Product Management - Retail On-line","","","","","","","https://careers.etrade.com/OA_HTML/OA.jsp?page=/oracle/apps/irc/candidateSelfService/webui/VisVacDispPG&OAHP=IRC_EXT_SITE_VISITOR_APPL&OASF=IRC_VIS_VAC_DISPLAY&akRegionApplicationId=821&transactionid=850332156&retainAM=N&addBreadCrumb=RP&p_svid=33265&p_spid=299565&oapc=347&oas=QUk7UYYvvpot4xP4bZ9uxw.."
"IRC33283...","Financial Consultant- Atlanta Branch","Atlanta, GA, US","0013 4024 E*Trade Center - 0103","","","","","","","https://careers.etrade.com/OA_HTML/OA.jsp?page=/oracle/apps/irc/candidateSelfService/webui/VisVacDispPG&OAHP=IRC_EXT_SITE_VISITOR_APPL&OASF=IRC_VIS_VAC_DISPLAY&akRegionApplicationId=821&transactionid=850332156&retainAM=N&addBreadCrumb=RP&p_svid=33283&p_spid=299568&oapc=350&oas=y9OLd5rjuEFRZAbVI4AleA.."
"IRC33264...","Financial Consultant","Alpharetta, GA, US","0014 4032 Relationship Management Call Centers - 0103","","","","","","","https://careers.etrade.com/OA_HTML/OA.jsp?page=/oracle/apps/irc/candidateSelfService/webui/VisVacDispPG&OAHP=IRC_EXT_SITE_VISITOR_APPL&OASF=IRC_VIS_VAC_DISPLAY&akRegionApplicationId=821&transactionid=850332156&retainAM=N&addBreadCrumb=RP&p_svid=33264&p_spid=299564&oapc=353&oas=hYBsw6h39PH9uHvKKlgmUw.."
"IRC33267...","Financial Consultant","Charlotte, NC, US","0013 4024 E*Trade Center - 0103","","","","","","","https://careers.etrade.com/OA_HTML/OA.jsp?page=/oracle/apps/irc/candidateSelfService/webui/VisVacDispPG&OAHP=IRC_EXT_SITE_VISITOR_APPL&OASF=IRC_VIS_VAC_DISPLAY&akRegionApplicationId=821&transactionid=850332156&retainAM=N&addBreadCrumb=RP&p_svid=33267&p_spid=299567&oapc=356&oas=Gu9M9eVfsqs69HEB02h-qw.."
"IRC32951...","Network Operations Engineer","Alpharetta, GA, US","0001 2020 Network/Telecom Operations - Shared Services","","","","","","","https://careers.etrade.com/OA_HTML/OA.jsp?page=/oracle/apps/irc/candidateSelfService/webui/VisVacDispPG&OAHP=IRC_EXT_SITE_VISITOR_APPL&OASF=IRC_VIS_VAC_DISPLAY&akRegionApplicationId=821&transactionid=850332156&retainAM=N&addBreadCrumb=RP&p_svid=32951&p_spid=285571&oapc=359&oas=retXcu_k2HkCJD2XASAFKQ.."
"IRC33143...","Global Equity Segment Leader, Corporate Service Group","Alpharetta, GA, US","0040 4012 Product Management - BSG","","","","","","","https://careers.etrade.com/OA_HTML/OA.jsp?page=/oracle/apps/irc/candidateSelfService/webui/VisVacDispPG&OAHP=IRC_EXT_SITE_VISITOR_APPL&OASF=IRC_VIS_VAC_DISPLAY&akRegionApplicationId=821&transactionid=850332156&retainAM=N&addBreadCrumb=RP&p_svid=33143&p_spid=294563&oapc=362&oas=WkiWAG3MDGsd-DYXgx_m2Q.."
"IRC33145...","Financial Consultant","Alpharetta, GA, US","0014 4032 Relationship Management Call Centers - 0103","","","","","","","https://careers.etrade.com/OA_HTML/OA.jsp?page=/oracle/apps/irc/candidateSelfService/webui/VisVacDispPG&OAHP=IRC_EXT_SITE_VISITOR_APPL&OASF=IRC_VIS_VAC_DISPLAY&akRegionApplicationId=821&transactionid=850332156&retainAM=N&addBreadCrumb=RP&p_svid=33145&p_spid=294565&oapc=365&oas=4OgcoZlQFUzqdfYNWfwFXg.."
"IRC33147...","Financial Consultant","Tampa, FL, US","0013 4024 E*Trade Center - 0103","","","","","","","https://careers.etrade.com/OA_HTML/OA.jsp?page=/oracle/apps/irc/candidateSelfService/webui/VisVacDispPG&OAHP=IRC_EXT_SITE_VISITOR_APPL&OASF=IRC_VIS_VAC_DISPLAY&akRegionApplicationId=821&transactionid=850332156&retainAM=N&addBreadCrumb=RP&p_svid=33147&p_spid=294567&oapc=368&oas=_qH-WlfaSEMmnalcF9QQcw.."
"IRC33146...","Financial Consultant","Garden City, NY, US","0013 4024 E*Trade Center - 0103","","","","","","","https://careers.etrade.com/OA_HTML/OA.jsp?page=/oracle/apps/irc/candidateSelfService/webui/VisVacDispPG&OAHP=IRC_EXT_SITE_VISITOR_APPL&OASF=IRC_VIS_VAC_DISPLAY&akRegionApplicationId=821&transactionid=850332156&retainAM=N&addBreadCrumb=RP&p_svid=33146&p_spid=294566&oapc=371&oas=1VQPodu7K456GSPKUAJWFQ.."
"IRC32904...","Senior Data Warehouse Analyst","Alpharetta, GA, US","0001 5039 Business Intelligence Systems - Tech","","","","","","","https://careers.etrade.com/OA_HTML/OA.jsp?page=/oracle/apps/irc/candidateSelfService/webui/VisVacDispPG&OAHP=IRC_EXT_SITE_VISITOR_APPL&OASF=IRC_VIS_VAC_DISPLAY&akRegionApplicationId=821&transactionid=850332156&retainAM=N&addBreadCrumb=RP&p_svid=32904&p_spid=282565&oapc=374&oas=-0YY99VzuRth3eBX-Z03sA.."
"IRC32847...","Principal, Software Engineer - ETL Technical Lead Developer","Alpharetta, GA, US","0001 5039 Business Intelligence Systems - Tech","","","","","","","https://careers.etrade.com/OA_HTML/OA.jsp?page=/oracle/apps/irc/candidateSelfService/webui/VisVacDispPG&OAHP=IRC_EXT_SITE_VISITOR_APPL&OASF=IRC_VIS_VAC_DISPLAY&akRegionApplicationId=821&transactionid=850332156&retainAM=N&addBreadCrumb=RP&p_svid=32847&p_spid=281567&oapc=378&oas=gvdBx2-qSztyI2xLmzUPOA.."
"IRC32884...","Business Intelligence Business Analyst","Arlington, VA, US","0001 5047 AST Production Support","","","","","","","https://careers.etrade.com/OA_HTML/OA.jsp?page=/oracle/apps/irc/candidateSelfService/webui/VisVacDispPG&OAHP=IRC_EXT_SITE_VISITOR_APPL&OASF=IRC_VIS_VAC_DISPLAY&akRegionApplicationId=821&transactionid=850332156&retainAM=N&addBreadCrumb=RP&p_svid=32884&p_spid=283564&oapc=381&oas=6PCFtTfCA20JXXMwUSRQYg.."
"IRC32947...","Lead Business Analyst, Customer Information Management","Jersey City, NJ, US","0001 4153 Marketing Customer Information Management - Retail - Admin","","","","","","","https://careers.etrade.com/OA_HTML/OA.jsp?page=/oracle/apps/irc/candidateSelfService/webui/VisVacDispPG&OAHP=IRC_EXT_SITE_VISITOR_APPL&OASF=IRC_VIS_VAC_DISPLAY&akRegionApplicationId=821&transactionid=850332156&retainAM=N&addBreadCrumb=RP&p_svid=32947&p_spid=285567&oapc=384&oas=_ofqWe9BwalAuJ4HdDAeIg.."
"IRC32944...","Retail Cash Management, Manager of Product Management","New York, NY, US","0014 4012 Product Management - Retail On-line","","","","","","","https://careers.etrade.com/OA_HTML/OA.jsp?page=/oracle/apps/irc/candidateSelfService/webui/VisVacDispPG&OAHP=IRC_EXT_SITE_VISITOR_APPL&OASF=IRC_VIS_VAC_DISPLAY&akRegionApplicationId=821&transactionid=850332156&retainAM=N&addBreadCrumb=RP&p_svid=32944&p_spid=285564&oapc=387&oas=VGeWNHKiKtBtpU4O9q3dLg.."
"IRC32943...","Retail Cash Management, Product Manager","Jersey City, NJ, US","0014 4012 Product Management - Retail On-line","","","","","","","https://careers.etrade.com/OA_HTML/OA.jsp?page=/oracle/apps/irc/candidateSelfService/webui/VisVacDispPG&OAHP=IRC_EXT_SITE_VISITOR_APPL&OASF=IRC_VIS_VAC_DISPLAY&akRegionApplicationId=821&transactionid=850332156&retainAM=N&addBreadCrumb=RP&p_svid=32943&p_spid=285563&oapc=390&oas=iuoCukmSnfU0eqRpjA1H7g.."
"IRC32666...","Senior Business Continuity Analyst","Jersey City, NJ, US","0001 5040 IT Risk - Shared Services","","","","","","","https://careers.etrade.com/OA_HTML/OA.jsp?page=/oracle/apps/irc/candidateSelfService/webui/VisVacDispPG&OAHP=IRC_EXT_SITE_VISITOR_APPL&OASF=IRC_VIS_VAC_DISPLAY&akRegionApplicationId=821&transactionid=850332156&retainAM=N&addBreadCrumb=RP&p_svid=32666&p_spid=273566&oapc=393&oas=Cz2Q_dGN3qzPFTjtlWi9nQ.."
"IRC32823...","Manager, Product Management, Customer-Facing Fraud Prevention","Jersey City, NJ, US","0014 4012 Product Management - Retail On-line","","","","","","","https://careers.etrade.com/OA_HTML/OA.jsp?page=/oracle/apps/irc/candidateSelfService/webui/VisVacDispPG&OAHP=IRC_EXT_SITE_VISITOR_APPL&OASF=IRC_VIS_VAC_DISPLAY&akRegionApplicationId=821&transactionid=850332156&retainAM=N&addBreadCrumb=RP&p_svid=32823&p_spid=280563&oapc=396&oas=Cm5RWKsFrNtm2_8UCMl7Sw.."
"IRC32736...","Product Communications Segment Leader, Corporate Service","Alpharetta, GA, US","0040 4012 Product Management - BSG","","","","","","","https://careers.etrade.com/OA_HTML/OA.jsp?page=/oracle/apps/irc/candidateSelfService/webui/VisVacDispPG&OAHP=IRC_EXT_SITE_VISITOR_APPL&OASF=IRC_VIS_VAC_DISPLAY&akRegionApplicationId=821&transactionid=850332156&retainAM=N&addBreadCrumb=RP&p_svid=32736&p_spid=276576&oapc=399&oas=GmzifTVxBrfBmMAR-EpfWw.."
"IRC32735...","Product Architect","Alpharetta, GA, US","0040 4012 Product Management - BSG","","","","","","","https://careers.etrade.com/OA_HTML/OA.jsp?page=/oracle/apps/irc/candidateSelfService/webui/VisVacDispPG&OAHP=IRC_EXT_SITE_VISITOR_APPL&OASF=IRC_VIS_VAC_DISPLAY&akRegionApplicationId=821&transactionid=850332156&retainAM=N&addBreadCrumb=RP&p_svid=32735&p_spid=276575&oapc=402&oas=mWgeI7_TRmReZC-WZQKBQA.."
"IRC32723...","Director, Corporate Communications","New York, NY, US","0001 3055 Corporate Communications - Corp","","","","","","","https://careers.etrade.com/OA_HTML/OA.jsp?page=/oracle/apps/irc/candidateSelfService/webui/VisVacDispPG&OAHP=IRC_EXT_SITE_VISITOR_APPL&OASF=IRC_VIS_VAC_DISPLAY&akRegionApplicationId=821&transactionid=850332156&retainAM=N&addBreadCrumb=RP&p_svid=32723&p_spid=276563&oapc=405&oas=RrWWXRiPMuUiRCxyy7BybQ.."
"IRC32224...","Senior Staff, Software Engineering","Arlington, VA, US","0001 5004 MIS - Tech","","","","","","","https://careers.etrade.com/OA_HTML/OA.jsp?page=/oracle/apps/irc/candidateSelfService/webui/VisVacDispPG&OAHP=IRC_EXT_SITE_VISITOR_APPL&OASF=IRC_VIS_VAC_DISPLAY&akRegionApplicationId=821&transactionid=850332156&retainAM=N&addBreadCrumb=RP&p_svid=32224&p_spid=255566&oapc=409&oas=C4VeXUIcZcfIDeuLf8gODg.."
"IRC32725...","Platinum Relationship Manager","Jersey City, NJ, US","0014 4035 Platinum Relationship Management - 0103","","","","","","","https://careers.etrade.com/OA_HTML/OA.jsp?page=/oracle/apps/irc/candidateSelfService/webui/VisVacDispPG&OAHP=IRC_EXT_SITE_VISITOR_APPL&OASF=IRC_VIS_VAC_DISPLAY&akRegionApplicationId=821&transactionid=850332156&retainAM=N&addBreadCrumb=RP&p_svid=32725&p_spid=276565&oapc=412&oas=w7HPnQpJ9JwG7nPpLc6lXA.."
"IRC32744...","Senior Manager, Credit Risk","Arlington, VA, US","1010 2277 Home Equity Loss Mitigation - BSM Institutional Admin","","","","","","","https://careers.etrade.com/OA_HTML/OA.jsp?page=/oracle/apps/irc/candidateSelfService/webui/VisVacDispPG&OAHP=IRC_EXT_SITE_VISITOR_APPL&OASF=IRC_VIS_VAC_DISPLAY&akRegionApplicationId=821&transactionid=850332156&retainAM=N&addBreadCrumb=RP&p_svid=32744&p_spid=277564&oapc=415&oas=mIQUKybf7lm2-yqV22yUUQ.."
"IRC32724...","Lead Repurchase Analyst","Arlington, VA, US","1010 2286 Credit Administration - BSM Institutional Admin","","","","","","","https://careers.etrade.com/OA_HTML/OA.jsp?page=/oracle/apps/irc/candidateSelfService/webui/VisVacDispPG&OAHP=IRC_EXT_SITE_VISITOR_APPL&OASF=IRC_VIS_VAC_DISPLAY&akRegionApplicationId=821&transactionid=850332156&retainAM=N&addBreadCrumb=RP&p_svid=32724&p_spid=276564&oapc=418&oas=J7gWLaPKC6D0EheOkW-MKw.."
"IRC32743...","Experience Architect","Jersey City, NJ, US","0014 4012 Product Management - Retail On-line","","","","","","","https://careers.etrade.com/OA_HTML/OA.jsp?page=/oracle/apps/irc/candidateSelfService/webui/VisVacDispPG&OAHP=IRC_EXT_SITE_VISITOR_APPL&OASF=IRC_VIS_VAC_DISPLAY&akRegionApplicationId=821&transactionid=850332156&retainAM=N&addBreadCrumb=RP&p_svid=32743&p_spid=277563&oapc=421&oas=5xNid4qLtYwj44TQXMj7JQ.."
"IRC32650...","Financial Consultant","Farmington, MI, US","0013 4024 E*Trade Center - 0103","","","","","","","https://careers.etrade.com/OA_HTML/OA.jsp?page=/oracle/apps/irc/candidateSelfService/webui/VisVacDispPG&OAHP=IRC_EXT_SITE_VISITOR_APPL&OASF=IRC_VIS_VAC_DISPLAY&akRegionApplicationId=821&transactionid=850332156&retainAM=N&addBreadCrumb=RP&p_svid=32650&p_spid=270573&oapc=424&oas=gIz7Hvf-04KEDMHNdtHtxw.."
"IRC32446...","Risk Management/Option, Futures Analyst","Jersey City, NJ, US","1056 2202 Risk Management - Shared Services","","","","","","","https://careers.etrade.com/OA_HTML/OA.jsp?page=/oracle/apps/irc/candidateSelfService/webui/VisVacDispPG&OAHP=IRC_EXT_SITE_VISITOR_APPL&OASF=IRC_VIS_VAC_DISPLAY&akRegionApplicationId=821&transactionid=850332156&retainAM=N&addBreadCrumb=RP&p_svid=32446&p_spid=265566&oapc=427&oas=B3vH6O1_ZRkr86JNaJzcCQ.."
"IRC32403...","SCM and Performance Engineer","Menlo Park, CA, US","0001 2012 System Engineering - Shared Services","","","","","","","https://careers.etrade.com/OA_HTML/OA.jsp?page=/oracle/apps/irc/candidateSelfService/webui/VisVacDispPG&OAHP=IRC_EXT_SITE_VISITOR_APPL&OASF=IRC_VIS_VAC_DISPLAY&akRegionApplicationId=821&transactionid=850332156&retainAM=N&addBreadCrumb=RP&p_svid=32403&p_spid=263563&oapc=430&oas=uKaahsmzWv749J6UI66IXg.."
"IRC32405...","Performance Engineer","Menlo Park, CA, US","0001 2012 System Engineering - Shared Services","","","","","","","https://careers.etrade.com/OA_HTML/OA.jsp?page=/oracle/apps/irc/candidateSelfService/webui/VisVacDispPG&OAHP=IRC_EXT_SITE_VISITOR_APPL&OASF=IRC_VIS_VAC_DISPLAY&akRegionApplicationId=821&transactionid=850332156&retainAM=N&addBreadCrumb=RP&p_svid=32405&p_spid=263565&oapc=433&oas=H9oyYkuzHzq2fm-YKP5Eiw.."