"Job Name","Working Title","Location","Organization Name","Department Description","Brief Description","Detailed Description","Job Requirements","Additional Details","How To Apply","Link"
"IRC796391...","Applications Sales Representative IV","Rocklin, CA, US","Enterprise Apps Sales - Utilities","","","","","","","https://irecruitment.oracle.com/OA_HTML/OA.jsp?page=/oracle/apps/irc/candidateSelfService/webui/VisVacDispPG&OAHP=IRC_EXT_SITE_VISITOR_APPL&OASF=IRC_VIS_VAC_DISPLAY&akRegionApplicationId=821&transactionid=1385666605&retainAM=N&addBreadCrumb=RP&p_svid=796391&p_spid=855650&oapc=6&oas=nEptLmzhD8HK9dyWEjZWxQ.."
"IRC1559688...","Hardware Developer 3","Santa Clara, CA, US","SPARC Processors DFT Verification","","","","","","","https://irecruitment.oracle.com/OA_HTML/OA.jsp?page=/oracle/apps/irc/candidateSelfService/webui/VisVacDispPG&OAHP=IRC_EXT_SITE_VISITOR_APPL&OASF=IRC_VIS_VAC_DISPLAY&akRegionApplicationId=821&transactionid=1385666605&retainAM=N&addBreadCrumb=RP&p_svid=1559688&p_spid=1612010&oapc=9&oas=fPovsxj-J2RQ6OOy9TERhw.."
"IRC1559689...","QA Snr Manager-ProdDev","Hyderabad,IN","Hyd","","","","","","","https://irecruitment.oracle.com/OA_HTML/OA.jsp?page=/oracle/apps/irc/candidateSelfService/webui/VisVacDispPG&akRegionApplicationId=821&transactionid=1385666605&retainAM=Y&addBreadCrumb=S&p_svid=1559689&p_spid=1612011&oapc=13&oas=MoMiIwmcu8n3zIPoM3FvOA.."
"IRC1559691...","Software Developer 2","Hyderabad,IN","Hyd","","","","","","","https://irecruitment.oracle.com/OA_HTML/OA.jsp?page=/oracle/apps/irc/candidateSelfService/webui/VisVacDispPG&OAHP=IRC_EXT_SITE_VISITOR_APPL&OASF=IRC_VIS_VAC_DISPLAY&akRegionApplicationId=821&transactionid=1385666605&retainAM=N&addBreadCrumb=RP&p_svid=1559691&p_spid=1612013&oapc=16&oas=9sAkbs5XeASub7iEUM3f6w.."
"IRC1559694...","Internet Sales Representative III","Burlington, MA, US","Oracle Direct","","","","","","","https://irecruitment.oracle.com/OA_HTML/OA.jsp?page=/oracle/apps/irc/candidateSelfService/webui/VisVacDispPG&akRegionApplicationId=821&transactionid=1385666605&retainAM=Y&addBreadCrumb=S&p_svid=1559694&p_spid=1612016&oapc=20&oas=FVgP7rMtEmTy_ybNgBFIbA.."
"IRC1559693...","Internet Sales Representative III","Burlington, MA, US","Oracle Direct","","","","","","","https://irecruitment.oracle.com/OA_HTML/OA.jsp?page=/oracle/apps/irc/candidateSelfService/webui/VisVacDispPG&OAHP=IRC_EXT_SITE_VISITOR_APPL&OASF=IRC_VIS_VAC_DISPLAY&akRegionApplicationId=821&transactionid=1385666605&retainAM=N&addBreadCrumb=RP&p_svid=1559693&p_spid=1612015&oapc=23&oas=QhDersYcd34VZ0gVVuDCGg.."
"IRC1559692...","Software Developer 3","India","MySQL Sustainihng Engineering","","","","","","","https://irecruitment.oracle.com/OA_HTML/OA.jsp?page=/oracle/apps/irc/candidateSelfService/webui/VisVacDispPG&akRegionApplicationId=821&transactionid=1385666605&retainAM=Y&addBreadCrumb=S&p_svid=1559692&p_spid=1612014&oapc=27&oas=IEhQPxSr29iwwu6MBp8Uuw.."
"IRC1559690...","QA Analyst 2-ProdDev","Hyderabad,IN","Hyd","","","","","","","https://irecruitment.oracle.com/OA_HTML/OA.jsp?page=/oracle/apps/irc/candidateSelfService/webui/VisVacDispPG&OAHP=IRC_EXT_SITE_VISITOR_APPL&OASF=IRC_VIS_VAC_DISPLAY&akRegionApplicationId=821&transactionid=1385666605&retainAM=N&addBreadCrumb=RP&p_svid=1559690&p_spid=1612012&oapc=30&oas=aCDHawtvPmYr0iNANwGRcw.."
"IRC1559695...","Senior Sales Consultant","Redwood City, CA, US","Advanced Customer Services","","","","","","","https://irecruitment.oracle.com/OA_HTML/OA.jsp?page=/oracle/apps/irc/candidateSelfService/webui/VisVacDispPG&akRegionApplicationId=821&transactionid=1385666605&retainAM=Y&addBreadCrumb=S&p_svid=1559695&p_spid=1612017&oapc=34&oas=dRcRl1XH-m399hxEeo_dWQ.."
"IRC1561684...","Software Developer 3","India","EPM Financial Management","","","","","","","https://irecruitment.oracle.com/OA_HTML/OA.jsp?page=/oracle/apps/irc/candidateSelfService/webui/VisVacDispPG&akRegionApplicationId=821&transactionid=1385666605&retainAM=Y&addBreadCrumb=S&p_svid=1561684&p_spid=1614006&oapc=38&oas=a16A3SNv2_Ddtf_ahf4r8A.."
"IRC1559709...","Software Engineers","Santa Clara, CA, US","ORCL USA","","","","","","","https://irecruitment.oracle.com/OA_HTML/OA.jsp?page=/oracle/apps/irc/candidateSelfService/webui/VisVacDispPG&akRegionApplicationId=821&transactionid=1385666605&retainAM=Y&addBreadCrumb=S&p_svid=1559709&p_spid=1612031&oapc=43&oas=BS55j7PqHwfARadQkgX_lA.."
"IRC1559708...","Sales Director","New York, NY, US","Master Data Management Application","","","","","","","https://irecruitment.oracle.com/OA_HTML/OA.jsp?page=/oracle/apps/irc/candidateSelfService/webui/VisVacDispPG&OAHP=IRC_EXT_SITE_VISITOR_APPL&OASF=IRC_VIS_VAC_DISPLAY&akRegionApplicationId=821&transactionid=1385666605&retainAM=N&addBreadCrumb=RP&p_svid=1559708&p_spid=1612030&oapc=46&oas=9hcEy8rxkzSlGDZNMPcuJA.."
"IRC1559707...","Product Manager/Strategy 4-ProdDev","Minneapolis, MN, US","Oracle Retail Strategy","","","","","","","https://irecruitment.oracle.com/OA_HTML/OA.jsp?page=/oracle/apps/irc/candidateSelfService/webui/VisVacDispPG&OAHP=IRC_EXT_SITE_VISITOR_APPL&OASF=IRC_VIS_VAC_DISPLAY&akRegionApplicationId=821&transactionid=1385666605&retainAM=N&addBreadCrumb=RP&p_svid=1559707&p_spid=1612029&oapc=49&oas=-JOTDxa7N37Yo5cKEmi_dA.."
"IRC1559704...","Systems Analyst 4-Support","Redwood City, CA, US","Shared Services -Oracle Advanced Customer Services","","","","","","","https://irecruitment.oracle.com/OA_HTML/OA.jsp?page=/oracle/apps/irc/candidateSelfService/webui/VisVacDispPG&OAHP=IRC_EXT_SITE_VISITOR_APPL&OASF=IRC_VIS_VAC_DISPLAY&akRegionApplicationId=821&transactionid=1385666605&retainAM=N&addBreadCrumb=RP&p_svid=1559704&p_spid=1612026&oapc=52&oas=x66X6e20NCNB5Mi_9sypXA.."
"IRC1559699...","Technical Writer 3-ProdDev","India","AIA Documentation","","","","","","","https://irecruitment.oracle.com/OA_HTML/OA.jsp?page=/oracle/apps/irc/candidateSelfService/webui/VisVacDispPG&akRegionApplicationId=821&transactionid=1385666605&retainAM=Y&addBreadCrumb=S&p_svid=1559699&p_spid=1612021&oapc=56&oas=_M32Yh8GwN9xnXSM8rnQkA.."
"IRC1559698...","Internet Sales Representative III","Burlington, MA, US","Oracle Direct/EMO","","","","","","","https://irecruitment.oracle.com/OA_HTML/OA.jsp?page=/oracle/apps/irc/candidateSelfService/webui/VisVacDispPG&akRegionApplicationId=821&transactionid=1385666605&retainAM=Y&addBreadCrumb=S&p_svid=1559698&p_spid=1612020&oapc=60&oas=XJfR1yFD1H_o3EuXklm92A.."
"IRC1559697...","Internet Sales Representative III","Burlington, MA, US","Oracle Direct/EMO","","","","","","","https://irecruitment.oracle.com/OA_HTML/OA.jsp?page=/oracle/apps/irc/candidateSelfService/webui/VisVacDispPG&OAHP=IRC_EXT_SITE_VISITOR_APPL&OASF=IRC_VIS_VAC_DISPLAY&akRegionApplicationId=821&transactionid=1385666605&retainAM=N&addBreadCrumb=RP&p_svid=1559697&p_spid=1612019&oapc=63&oas=vQkp_Cnv49NQ3mN3KtykQg.."
"IRC1559696...","Internet Sales Representative III","Burlington, MA, US","Oracle Direct/EMO","","","","","","","https://irecruitment.oracle.com/OA_HTML/OA.jsp?page=/oracle/apps/irc/candidateSelfService/webui/VisVacDispPG&OAHP=IRC_EXT_SITE_VISITOR_APPL&OASF=IRC_VIS_VAC_DISPLAY&akRegionApplicationId=821&transactionid=1385666605&retainAM=N&addBreadCrumb=RP&p_svid=1559696&p_spid=1612018&oapc=66&oas=Q52TMfBuFHJvDwP7lIGGqQ.."
"IRC1561701...","Software Developer 2","India","Oracle Server Technology - IDC","","","","","","","https://irecruitment.oracle.com/OA_HTML/OA.jsp?page=/oracle/apps/irc/candidateSelfService/webui/VisVacDispPG&akRegionApplicationId=821&transactionid=1385666605&retainAM=Y&addBreadCrumb=S&p_svid=1561701&p_spid=1614023&oapc=70&oas=Sem3X6lAVrQx3iJyYFLffg.."
"IRC1561700...","Software Developer 2","India","Oracle Server Technology - IDC","","","","","","","https://irecruitment.oracle.com/OA_HTML/OA.jsp?page=/oracle/apps/irc/candidateSelfService/webui/VisVacDispPG&OAHP=IRC_EXT_SITE_VISITOR_APPL&OASF=IRC_VIS_VAC_DISPLAY&akRegionApplicationId=821&transactionid=1385666605&retainAM=N&addBreadCrumb=RP&p_svid=1561700&p_spid=1614022&oapc=73&oas=Z7wiJVknfcVWNjJbrzmp1w.."
"IRC1561699...","Software Developer 2","India","Oracle Server Technology - IDC","","","","","","","https://irecruitment.oracle.com/OA_HTML/OA.jsp?page=/oracle/apps/irc/candidateSelfService/webui/VisVacDispPG&OAHP=IRC_EXT_SITE_VISITOR_APPL&OASF=IRC_VIS_VAC_DISPLAY&akRegionApplicationId=821&transactionid=1385666605&retainAM=N&addBreadCrumb=RP&p_svid=1561699&p_spid=1614021&oapc=77&oas=8W9TVxSu-qGL3_j7GlU9tw.."
"IRC1561698...","Software Developer 2","India","Oracle Server Technology - IDC","","","","","","","https://irecruitment.oracle.com/OA_HTML/OA.jsp?page=/oracle/apps/irc/candidateSelfService/webui/VisVacDispPG&OAHP=IRC_EXT_SITE_VISITOR_APPL&OASF=IRC_VIS_VAC_DISPLAY&akRegionApplicationId=821&transactionid=1385666605&retainAM=N&addBreadCrumb=RP&p_svid=1561698&p_spid=1614020&oapc=80&oas=otAJtgv2R5Kat-vIX1xu7Q.."
"IRC1561697...","Software Developer 2","India","Oracle Server Technology - IDC","","","","","","","https://irecruitment.oracle.com/OA_HTML/OA.jsp?page=/oracle/apps/irc/candidateSelfService/webui/VisVacDispPG&OAHP=IRC_EXT_SITE_VISITOR_APPL&OASF=IRC_VIS_VAC_DISPLAY&akRegionApplicationId=821&transactionid=1385666605&retainAM=N&addBreadCrumb=RP&p_svid=1561697&p_spid=1614019&oapc=83&oas=K0a4XODoqptz_oI09lwoaw.."
"IRC1561696...","Software Developer 3","India","MySQL Sustaining Engineering","","","","","","","https://irecruitment.oracle.com/OA_HTML/OA.jsp?page=/oracle/apps/irc/candidateSelfService/webui/VisVacDispPG&OAHP=IRC_EXT_SITE_VISITOR_APPL&OASF=IRC_VIS_VAC_DISPLAY&akRegionApplicationId=821&transactionid=1385666605&retainAM=N&addBreadCrumb=RP&p_svid=1561696&p_spid=1614018&oapc=86&oas=rM3XrXLH1ETjn-LdSPdI9g.."
"IRC1561695...","Software Developer 2","India","Oracle Server Technology - IDC","","","","","","","https://irecruitment.oracle.com/OA_HTML/OA.jsp?page=/oracle/apps/irc/candidateSelfService/webui/VisVacDispPG&OAHP=IRC_EXT_SITE_VISITOR_APPL&OASF=IRC_VIS_VAC_DISPLAY&akRegionApplicationId=821&transactionid=1385666605&retainAM=N&addBreadCrumb=RP&p_svid=1561695&p_spid=1614017&oapc=89&oas=ncTyLu6CmIMHdpwkP_qERg.."
"IRC1561694...","Software Developer 2","India","Oracle Server Technology - IDC","","","","","","","https://irecruitment.oracle.com/OA_HTML/OA.jsp?page=/oracle/apps/irc/candidateSelfService/webui/VisVacDispPG&OAHP=IRC_EXT_SITE_VISITOR_APPL&OASF=IRC_VIS_VAC_DISPLAY&akRegionApplicationId=821&transactionid=1385666605&retainAM=N&addBreadCrumb=RP&p_svid=1561694&p_spid=1614016&oapc=92&oas=0ONs4hjw65yrQytQr4501A.."
"IRC1561693...","Software Developer 2","India","Oracle Server Technology - IDC","","","","","","","https://irecruitment.oracle.com/OA_HTML/OA.jsp?page=/oracle/apps/irc/candidateSelfService/webui/VisVacDispPG&OAHP=IRC_EXT_SITE_VISITOR_APPL&OASF=IRC_VIS_VAC_DISPLAY&akRegionApplicationId=821&transactionid=1385666605&retainAM=N&addBreadCrumb=RP&p_svid=1561693&p_spid=1614015&oapc=95&oas=tJd4tIYlkCVB5o7APJewTQ.."
"IRC1561692...","Software Developer 3","India","MySQL Sustainihng Engineering","","","","","","","https://irecruitment.oracle.com/OA_HTML/OA.jsp?page=/oracle/apps/irc/candidateSelfService/webui/VisVacDispPG&OAHP=IRC_EXT_SITE_VISITOR_APPL&OASF=IRC_VIS_VAC_DISPLAY&akRegionApplicationId=821&transactionid=1385666605&retainAM=N&addBreadCrumb=RP&p_svid=1561692&p_spid=1614014&oapc=98&oas=XZqrcPWF8ckEX342Dr7Cuw.."
"IRC1561691...","Software Developer 2","India","Oracle Server Technology - IDC","","","","","","","https://irecruitment.oracle.com/OA_HTML/OA.jsp?page=/oracle/apps/irc/candidateSelfService/webui/VisVacDispPG&OAHP=IRC_EXT_SITE_VISITOR_APPL&OASF=IRC_VIS_VAC_DISPLAY&akRegionApplicationId=821&transactionid=1385666605&retainAM=N&addBreadCrumb=RP&p_svid=1561691&p_spid=1614013&oapc=101&oas=ESvCDt4gmihtxBEkBe5Eag.."
"IRC1561690...","Software Developer 2","India","Oracle University Global System Operations","","","","","","","https://irecruitment.oracle.com/OA_HTML/OA.jsp?page=/oracle/apps/irc/candidateSelfService/webui/VisVacDispPG&OAHP=IRC_EXT_SITE_VISITOR_APPL&OASF=IRC_VIS_VAC_DISPLAY&akRegionApplicationId=821&transactionid=1385666605&retainAM=N&addBreadCrumb=RP&p_svid=1561690&p_spid=1614012&oapc=104&oas=Wpmk6pPGroiQXHUTxJgzOg.."
"IRC1561689...","Software Developer 3","India","MySQL Sustainihng Engineering","","","","","","","https://irecruitment.oracle.com/OA_HTML/OA.jsp?page=/oracle/apps/irc/candidateSelfService/webui/VisVacDispPG&OAHP=IRC_EXT_SITE_VISITOR_APPL&OASF=IRC_VIS_VAC_DISPLAY&akRegionApplicationId=821&transactionid=1385666605&retainAM=N&addBreadCrumb=RP&p_svid=1561689&p_spid=1614011&oapc=108&oas=MdcGXznXmhRLhWY_d-mJmA.."
"IRC1561688...","Software Developer 2","India","Oracle Server Technology - IDC","","","","","","","https://irecruitment.oracle.com/OA_HTML/OA.jsp?page=/oracle/apps/irc/candidateSelfService/webui/VisVacDispPG&OAHP=IRC_EXT_SITE_VISITOR_APPL&OASF=IRC_VIS_VAC_DISPLAY&akRegionApplicationId=821&transactionid=1385666605&retainAM=N&addBreadCrumb=RP&p_svid=1561688&p_spid=1614010&oapc=111&oas=t_wOHv-wkMW37LvDMoWTCw.."
"IRC1561687...","Software Developer 2","India","Oracle Server Technology - IDC","","","","","","","https://irecruitment.oracle.com/OA_HTML/OA.jsp?page=/oracle/apps/irc/candidateSelfService/webui/VisVacDispPG&OAHP=IRC_EXT_SITE_VISITOR_APPL&OASF=IRC_VIS_VAC_DISPLAY&akRegionApplicationId=821&transactionid=1385666605&retainAM=N&addBreadCrumb=RP&p_svid=1561687&p_spid=1614009&oapc=114&oas=9ll_nMuuWHFdXz50dPeFHQ.."
"IRC1561686...","Software Developer 2","India","Oracle Server Technology - IDC","","","","","","","https://irecruitment.oracle.com/OA_HTML/OA.jsp?page=/oracle/apps/irc/candidateSelfService/webui/VisVacDispPG&OAHP=IRC_EXT_SITE_VISITOR_APPL&OASF=IRC_VIS_VAC_DISPLAY&akRegionApplicationId=821&transactionid=1385666605&retainAM=N&addBreadCrumb=RP&p_svid=1561686&p_spid=1614008&oapc=117&oas=AyBZ01isFA2NAtlU_uyZzg.."
"IRC1561685...","Software Developer 3","India","EPM Financial Management","","","","","","","https://irecruitment.oracle.com/OA_HTML/OA.jsp?page=/oracle/apps/irc/candidateSelfService/webui/VisVacDispPG&OAHP=IRC_EXT_SITE_VISITOR_APPL&OASF=IRC_VIS_VAC_DISPLAY&akRegionApplicationId=821&transactionid=1385666605&retainAM=N&addBreadCrumb=RP&p_svid=1561685&p_spid=1614007&oapc=120&oas=GnC0Tf2Y-uX-v2_oJCPpwQ.."
"IRC1563631...","IT Security Analyst 3","India","GIT SO Security Operation","","","","","","","https://irecruitment.oracle.com/OA_HTML/OA.jsp?page=/oracle/apps/irc/candidateSelfService/webui/VisVacDispPG&akRegionApplicationId=821&transactionid=1385666605&retainAM=Y&addBreadCrumb=S&p_svid=1563631&p_spid=1615953&oapc=124&oas=K2Ilj6MPjoJPOCfgjkUsMw.."
"IRC1561711...","Software Developer 3","Irvine, CA, US","Solaris File Protocols","","","","","","","https://irecruitment.oracle.com/OA_HTML/OA.jsp?page=/oracle/apps/irc/candidateSelfService/webui/VisVacDispPG&akRegionApplicationId=821&transactionid=1385666605&retainAM=Y&addBreadCrumb=S&p_svid=1561711&p_spid=1614033&oapc=128&oas=Pdiyd1YV64ZrFBq_pG6NeQ.."
"IRC1561710...","Financial Analyst 1","India","Customer Data Operations","","","","","","","https://irecruitment.oracle.com/OA_HTML/OA.jsp?page=/oracle/apps/irc/candidateSelfService/webui/VisVacDispPG&akRegionApplicationId=821&transactionid=1385666605&retainAM=Y&addBreadCrumb=S&p_svid=1561710&p_spid=1614032&oapc=132&oas=NfvMomd03MxAMYltDbEE6Q.."
"IRC1561709...","Accounting Supervisor-Fin","India","Customer Data Operations","","","","","","","https://irecruitment.oracle.com/OA_HTML/OA.jsp?page=/oracle/apps/irc/candidateSelfService/webui/VisVacDispPG&OAHP=IRC_EXT_SITE_VISITOR_APPL&OASF=IRC_VIS_VAC_DISPLAY&akRegionApplicationId=821&transactionid=1385666605&retainAM=N&addBreadCrumb=RP&p_svid=1561709&p_spid=1614031&oapc=135&oas=ZGZ76jejq_xWjUIH3e7ROg.."
"IRC1561708...","Financial Analyst 1","India","Customer Data Operations","","","","","","","https://irecruitment.oracle.com/OA_HTML/OA.jsp?page=/oracle/apps/irc/candidateSelfService/webui/VisVacDispPG&OAHP=IRC_EXT_SITE_VISITOR_APPL&OASF=IRC_VIS_VAC_DISPLAY&akRegionApplicationId=821&transactionid=1385666605&retainAM=N&addBreadCrumb=RP&p_svid=1561708&p_spid=1614030&oapc=138&oas=SUPTzLlT-FBz7BtvP2S1fA.."
"IRC1561707...","Financial Analyst 1","India","Customer Data Operations","","","","","","","https://irecruitment.oracle.com/OA_HTML/OA.jsp?page=/oracle/apps/irc/candidateSelfService/webui/VisVacDispPG&OAHP=IRC_EXT_SITE_VISITOR_APPL&OASF=IRC_VIS_VAC_DISPLAY&akRegionApplicationId=821&transactionid=1385666605&retainAM=N&addBreadCrumb=RP&p_svid=1561707&p_spid=1614029&oapc=142&oas=HPKzWbCxLiN-79ths5AbOA.."
"IRC1561706...","Services Sales Representative IV","Reston, VA, US","ORCL USA","","","","","","","https://irecruitment.oracle.com/OA_HTML/OA.jsp?page=/oracle/apps/irc/candidateSelfService/webui/VisVacDispPG&akRegionApplicationId=821&transactionid=1385666605&retainAM=Y&addBreadCrumb=S&p_svid=1561706&p_spid=1614028&oapc=146&oas=dD27NNRNXzkXhc8pPpd6TQ.."
"IRC1561705...","Technology Sales Representative IV","Bridgewater, NJ, US","ORCL USA","","","","","","","https://irecruitment.oracle.com/OA_HTML/OA.jsp?page=/oracle/apps/irc/candidateSelfService/webui/VisVacDispPG&OAHP=IRC_EXT_SITE_VISITOR_APPL&OASF=IRC_VIS_VAC_DISPLAY&akRegionApplicationId=821&transactionid=1385666605&retainAM=N&addBreadCrumb=RP&p_svid=1561705&p_spid=1614027&oapc=149&oas=WWFnIrxW91N1lk1nv7uUyQ.."
"IRC1561704...","Technology Sales Representative IV","Bridgewater, NJ, US","ORCL USA","","","","","","","https://irecruitment.oracle.com/OA_HTML/OA.jsp?page=/oracle/apps/irc/candidateSelfService/webui/VisVacDispPG&OAHP=IRC_EXT_SITE_VISITOR_APPL&OASF=IRC_VIS_VAC_DISPLAY&akRegionApplicationId=821&transactionid=1385666605&retainAM=N&addBreadCrumb=RP&p_svid=1561704&p_spid=1614026&oapc=152&oas=ExTEbIbVpEOVBKLu47_LjQ.."
"IRC1563658...","Internal Customer Tech Support 2-IT","Zapopan, JAL, MX","Applications Development IT SaaS Team","","","","","","","https://irecruitment.oracle.com/OA_HTML/OA.jsp?page=/oracle/apps/irc/candidateSelfService/webui/VisVacDispPG&akRegionApplicationId=821&transactionid=1385666605&retainAM=Y&addBreadCrumb=S&p_svid=1563658&p_spid=1615980&oapc=156&oas=hXHRHyO2a96kI09RH8RFAw.."
"IRC1563657...","Technical Writer 3-ProdDev","India","Oracle SOA Documentation","","","","","","","https://irecruitment.oracle.com/OA_HTML/OA.jsp?page=/oracle/apps/irc/candidateSelfService/webui/VisVacDispPG&akRegionApplicationId=821&transactionid=1385666605&retainAM=Y&addBreadCrumb=S&p_svid=1563657&p_spid=1615979&oapc=160&oas=d8ry-8WeY5egXy7KV1qvig.."
"IRC1563656...","Telesales Business Development Representative II","Minneapolis, MN, US","Oracle Direct","","","","","","","https://irecruitment.oracle.com/OA_HTML/OA.jsp?page=/oracle/apps/irc/candidateSelfService/webui/VisVacDispPG&akRegionApplicationId=821&transactionid=1385666605&retainAM=Y&addBreadCrumb=S&p_svid=1563656&p_spid=1615978&oapc=164&oas=bAlP3y2KEGcBbv-aVad0Lw.."
"IRC1563655...","Telesales Business Development Representative II","Minneapolis, MN, US","Oracle Direct","","","","","","","https://irecruitment.oracle.com/OA_HTML/OA.jsp?page=/oracle/apps/irc/candidateSelfService/webui/VisVacDispPG&OAHP=IRC_EXT_SITE_VISITOR_APPL&OASF=IRC_VIS_VAC_DISPLAY&akRegionApplicationId=821&transactionid=1385666605&retainAM=N&addBreadCrumb=RP&p_svid=1563655&p_spid=1615977&oapc=167&oas=iEKf3sFmV-qc98ZQ0wQXfA.."
"IRC1563654...","Telesales Business Development Representative II","Minneapolis, MN, US","Oracle Direct","","","","","","","https://irecruitment.oracle.com/OA_HTML/OA.jsp?page=/oracle/apps/irc/candidateSelfService/webui/VisVacDispPG&OAHP=IRC_EXT_SITE_VISITOR_APPL&OASF=IRC_VIS_VAC_DISPLAY&akRegionApplicationId=821&transactionid=1385666605&retainAM=N&addBreadCrumb=RP&p_svid=1563654&p_spid=1615976&oapc=170&oas=pYss3gPU2lFMqd24d5fsSA.."
"IRC1563653...","Telesales Business Development Representative II","Minneapolis, MN, US","Oracle Direct","","","","","","","https://irecruitment.oracle.com/OA_HTML/OA.jsp?page=/oracle/apps/irc/candidateSelfService/webui/VisVacDispPG&OAHP=IRC_EXT_SITE_VISITOR_APPL&OASF=IRC_VIS_VAC_DISPLAY&akRegionApplicationId=821&transactionid=1385666605&retainAM=N&addBreadCrumb=RP&p_svid=1563653&p_spid=1615975&oapc=173&oas=sFxCD4v1f5UOcYa5_zlUgQ.."
"IRC1563652...","Applications Developer 3","Redwood Shores, CA, US","EBS Procurement Development","","","","","","","https://irecruitment.oracle.com/OA_HTML/OA.jsp?page=/oracle/apps/irc/candidateSelfService/webui/VisVacDispPG&OAHP=IRC_EXT_SITE_VISITOR_APPL&OASF=IRC_VIS_VAC_DISPLAY&akRegionApplicationId=821&transactionid=1385666605&retainAM=N&addBreadCrumb=RP&p_svid=1563652&p_spid=1615974&oapc=177&oas=FaVqj95JGIjDKZzHZYjlxA.."
"IRC1563647...","Senior Consultant","India","Technology Solutions - SOA&amp;Integration","","","","","","","https://irecruitment.oracle.com/OA_HTML/OA.jsp?page=/oracle/apps/irc/candidateSelfService/webui/VisVacDispPG&akRegionApplicationId=821&transactionid=1385666605&retainAM=Y&addBreadCrumb=S&p_svid=1563647&p_spid=1615969&oapc=181&oas=BNRwccVODaksT5keGHbboQ.."
"IRC1563646...","Senior Consultant","India","Technology Solutions - SOA&amp;Integration","","","","","","","https://irecruitment.oracle.com/OA_HTML/OA.jsp?page=/oracle/apps/irc/candidateSelfService/webui/VisVacDispPG&OAHP=IRC_EXT_SITE_VISITOR_APPL&OASF=IRC_VIS_VAC_DISPLAY&akRegionApplicationId=821&transactionid=1385666605&retainAM=N&addBreadCrumb=RP&p_svid=1563646&p_spid=1615968&oapc=184&oas=SeMNhwMxMc8jdFXB5giWfQ.."
"IRC1563666...","Computer Systems Analysts â€“ Quality Analysts","Minneapolis, MN, US","ORCL USA","","","","","","","https://irecruitment.oracle.com/OA_HTML/OA.jsp?page=/oracle/apps/irc/candidateSelfService/webui/VisVacDispPG&akRegionApplicationId=821&transactionid=1385666605&retainAM=Y&addBreadCrumb=S&p_svid=1563666&p_spid=1615988&oapc=188&oas=3MqWnxNVe2SJ2oCyqzJOVg.."
"IRC1563664...","Technology Sales Representative IV","San Francisco, CA, US","NATO Sales - West","","","","","","","https://irecruitment.oracle.com/OA_HTML/OA.jsp?page=/oracle/apps/irc/candidateSelfService/webui/VisVacDispPG&OAHP=IRC_EXT_SITE_VISITOR_APPL&OASF=IRC_VIS_VAC_DISPLAY&akRegionApplicationId=821&transactionid=1385666605&retainAM=N&addBreadCrumb=RP&p_svid=1563664&p_spid=1615986&oapc=191&oas=glehp_0SpgLTwxZso3OE7w.."
"IRC1563663...","Senior Sales Consultant","Chicago, IL, US","North American Applications - Central Area Sales Consulting","","","","","","","https://irecruitment.oracle.com/OA_HTML/OA.jsp?page=/oracle/apps/irc/candidateSelfService/webui/VisVacDispPG&OAHP=IRC_EXT_SITE_VISITOR_APPL&OASF=IRC_VIS_VAC_DISPLAY&akRegionApplicationId=821&transactionid=1385666605&retainAM=N&addBreadCrumb=RP&p_svid=1563663&p_spid=1615985&oapc=194&oas=CCGDv4y7do0iyET8s6Vqyw.."
"IRC1563661...","Internal Customer Tech Support 4-IT","Zapopan, JAL, MX","Applications Development IT SaaS Team","","","","","","","https://irecruitment.oracle.com/OA_HTML/OA.jsp?page=/oracle/apps/irc/candidateSelfService/webui/VisVacDispPG&akRegionApplicationId=821&transactionid=1385666605&retainAM=Y&addBreadCrumb=S&p_svid=1563661&p_spid=1615983&oapc=198&oas=T1pYcGHwRyf-kUCR5zU5Nw.."
"IRC1563660...","Internal Customer Tech Support 3-IT","Zapopan, JAL, MX","Applications Development IT SaaS Team","","","","","","","https://irecruitment.oracle.com/OA_HTML/OA.jsp?page=/oracle/apps/irc/candidateSelfService/webui/VisVacDispPG&OAHP=IRC_EXT_SITE_VISITOR_APPL&OASF=IRC_VIS_VAC_DISPLAY&akRegionApplicationId=821&transactionid=1385666605&retainAM=N&addBreadCrumb=RP&p_svid=1563660&p_spid=1615982&oapc=201&oas=zMyP7-UeUmlvD_sP28YXxQ.."
"IRC1563659...","Internal Customer Tech Support 2-IT","Zapopan, JAL, MX","Applications Development IT SaaS Team","","","","","","","https://irecruitment.oracle.com/OA_HTML/OA.jsp?page=/oracle/apps/irc/candidateSelfService/webui/VisVacDispPG&OAHP=IRC_EXT_SITE_VISITOR_APPL&OASF=IRC_VIS_VAC_DISPLAY&akRegionApplicationId=821&transactionid=1385666605&retainAM=N&addBreadCrumb=RP&p_svid=1563659&p_spid=1615981&oapc=204&oas=3zRSMtFqqp-EmKYhqAotvg.."
"IRC1563645...","Software Developer 2","India","Oracle Server Technology - IDC","","","","","","","https://irecruitment.oracle.com/OA_HTML/OA.jsp?page=/oracle/apps/irc/candidateSelfService/webui/VisVacDispPG&akRegionApplicationId=821&transactionid=1385666605&retainAM=Y&addBreadCrumb=S&p_svid=1563645&p_spid=1615967&oapc=208&oas=suRm8chXnxjyCzKM5kvU1A.."
"IRC1563644...","Software Developer 2","India","Oracle Server Technology - IDC","","","","","","","https://irecruitment.oracle.com/OA_HTML/OA.jsp?page=/oracle/apps/irc/candidateSelfService/webui/VisVacDispPG&OAHP=IRC_EXT_SITE_VISITOR_APPL&OASF=IRC_VIS_VAC_DISPLAY&akRegionApplicationId=821&transactionid=1385666605&retainAM=N&addBreadCrumb=RP&p_svid=1563644&p_spid=1615966&oapc=212&oas=V1WiXCjXY5t7KOvrfUci0A.."
"IRC1563643...","Software Developer 2","India","Oracle Server Technology - IDC","","","","","","","https://irecruitment.oracle.com/OA_HTML/OA.jsp?page=/oracle/apps/irc/candidateSelfService/webui/VisVacDispPG&OAHP=IRC_EXT_SITE_VISITOR_APPL&OASF=IRC_VIS_VAC_DISPLAY&akRegionApplicationId=821&transactionid=1385666605&retainAM=N&addBreadCrumb=RP&p_svid=1563643&p_spid=1615965&oapc=215&oas=R7aw1zzjJ7WanW82jyIv4g.."
"IRC1563642...","Software Developer 2","India","Oracle Server Technology - IDC","","","","","","","https://irecruitment.oracle.com/OA_HTML/OA.jsp?page=/oracle/apps/irc/candidateSelfService/webui/VisVacDispPG&OAHP=IRC_EXT_SITE_VISITOR_APPL&OASF=IRC_VIS_VAC_DISPLAY&akRegionApplicationId=821&transactionid=1385666605&retainAM=N&addBreadCrumb=RP&p_svid=1563642&p_spid=1615964&oapc=218&oas=NK6MR94fXGkJAuQHfmc7fg.."
"IRC1563635...","Applications Developer 2","Hyderabad,IN","Fusion Procurement Product Development","","","","","","","https://irecruitment.oracle.com/OA_HTML/OA.jsp?page=/oracle/apps/irc/candidateSelfService/webui/VisVacDispPG&OAHP=IRC_EXT_SITE_VISITOR_APPL&OASF=IRC_VIS_VAC_DISPLAY&akRegionApplicationId=821&transactionid=1385666605&retainAM=N&addBreadCrumb=RP&p_svid=1563635&p_spid=1615957&oapc=221&oas=pBj4IVppoIX07AHsNLMeaw.."
"IRC1563634...","Applications Developer 2","Hyderabad,IN","Fusion Procurement Product Development","","","","","","","https://irecruitment.oracle.com/OA_HTML/OA.jsp?page=/oracle/apps/irc/candidateSelfService/webui/VisVacDispPG&OAHP=IRC_EXT_SITE_VISITOR_APPL&OASF=IRC_VIS_VAC_DISPLAY&akRegionApplicationId=821&transactionid=1385666605&retainAM=N&addBreadCrumb=RP&p_svid=1563634&p_spid=1615956&oapc=224&oas=OOmCcbPjvliXvf9IhnLQFw.."
"IRC1563633...","QA Analyst 2-ProdDev","Hyderabad,IN","HCM QA","","","","","","","https://irecruitment.oracle.com/OA_HTML/OA.jsp?page=/oracle/apps/irc/candidateSelfService/webui/VisVacDispPG&OAHP=IRC_EXT_SITE_VISITOR_APPL&OASF=IRC_VIS_VAC_DISPLAY&akRegionApplicationId=821&transactionid=1385666605&retainAM=N&addBreadCrumb=RP&p_svid=1563633&p_spid=1615955&oapc=227&oas=pKjUB5JBED5QoG2YfV1meQ.."
"IRC1563632...","QA Analyst 2-ProdDev","Hyderabad,IN","HCM QA","","","","","","","https://irecruitment.oracle.com/OA_HTML/OA.jsp?page=/oracle/apps/irc/candidateSelfService/webui/VisVacDispPG&OAHP=IRC_EXT_SITE_VISITOR_APPL&OASF=IRC_VIS_VAC_DISPLAY&akRegionApplicationId=821&transactionid=1385666605&retainAM=N&addBreadCrumb=RP&p_svid=1563632&p_spid=1615954&oapc=230&oas=04Y5boym8skYsvdBslVnPQ.."
"IRC1553616...","Software Development Snr Manager","Broomfield, CO, US","Core IO","","","","","","","https://irecruitment.oracle.com/OA_HTML/OA.jsp?page=/oracle/apps/irc/candidateSelfService/webui/VisVacDispPG&akRegionApplicationId=821&transactionid=1385666605&retainAM=Y&addBreadCrumb=S&p_svid=1553616&p_spid=1605938&oapc=234&oas=fwkNEM9rLCZH7-0ndZl0Mw.."
"IRC1559633...","Master Principal Sales Consultant","Burlington, MA, US","Oracle On Demand","","","","","","","https://irecruitment.oracle.com/OA_HTML/OA.jsp?page=/oracle/apps/irc/candidateSelfService/webui/VisVacDispPG&OAHP=IRC_EXT_SITE_VISITOR_APPL&OASF=IRC_VIS_VAC_DISPLAY&akRegionApplicationId=821&transactionid=1385666605&retainAM=N&addBreadCrumb=RP&p_svid=1559633&p_spid=1611955&oapc=237&oas=KgSUFZvvWB_yvcj2tnOIZA.."
"IRC1559644...","Software Developer 2","India","Oracle Server Technology - IDC","","","","","","","https://irecruitment.oracle.com/OA_HTML/OA.jsp?page=/oracle/apps/irc/candidateSelfService/webui/VisVacDispPG&akRegionApplicationId=821&transactionid=1385666605&retainAM=Y&addBreadCrumb=S&p_svid=1559644&p_spid=1611966&oapc=241&oas=MDlRpaSzVRI3YnqqHM5Maw.."
"IRC1559645...","Software Developer 2","India","Oracle Server Technology - IDC","","","","","","","https://irecruitment.oracle.com/OA_HTML/OA.jsp?page=/oracle/apps/irc/candidateSelfService/webui/VisVacDispPG&OAHP=IRC_EXT_SITE_VISITOR_APPL&OASF=IRC_VIS_VAC_DISPLAY&akRegionApplicationId=821&transactionid=1385666605&retainAM=N&addBreadCrumb=RP&p_svid=1559645&p_spid=1611967&oapc=245&oas=moTEsAQhSRe5IhVxYQM8zg.."
"IRC1559643...","Programmer Analyst 2-IT","Hyderabad,IN","ADIT HR &amp; Payroll","","","","","","","https://irecruitment.oracle.com/OA_HTML/OA.jsp?page=/oracle/apps/irc/candidateSelfService/webui/VisVacDispPG&OAHP=IRC_EXT_SITE_VISITOR_APPL&OASF=IRC_VIS_VAC_DISPLAY&akRegionApplicationId=821&transactionid=1385666605&retainAM=N&addBreadCrumb=RP&p_svid=1559643&p_spid=1611965&oapc=248&oas=CxspnbPpuDEM34B5XkH9qA.."
"IRC1559642...","Applications Developer 2","India","Customer Data Management (CDM) Organization, Oracle Fusion CRM","","","","","","","https://irecruitment.oracle.com/OA_HTML/OA.jsp?page=/oracle/apps/irc/candidateSelfService/webui/VisVacDispPG&OAHP=IRC_EXT_SITE_VISITOR_APPL&OASF=IRC_VIS_VAC_DISPLAY&akRegionApplicationId=821&transactionid=1385666605&retainAM=N&addBreadCrumb=RP&p_svid=1559642&p_spid=1611964&oapc=251&oas=CikL51voajFHoGUMVKAWTw.."
"IRC1559646...","Software Developer 2","India","Oracle Server Technology - IDC","","","","","","","https://irecruitment.oracle.com/OA_HTML/OA.jsp?page=/oracle/apps/irc/candidateSelfService/webui/VisVacDispPG&OAHP=IRC_EXT_SITE_VISITOR_APPL&OASF=IRC_VIS_VAC_DISPLAY&akRegionApplicationId=821&transactionid=1385666605&retainAM=N&addBreadCrumb=RP&p_svid=1559646&p_spid=1611968&oapc=254&oas=UJVegCKHrt4V30-E0aVPCg.."
"IRC1559649...","Technology Sales Representative IV","Sao Paulo,BR","SA Telco","","","","","","","https://irecruitment.oracle.com/OA_HTML/OA.jsp?page=/oracle/apps/irc/candidateSelfService/webui/VisVacDispPG&akRegionApplicationId=821&transactionid=1385666605&retainAM=Y&addBreadCrumb=S&p_svid=1559649&p_spid=1611971&oapc=258&oas=8sA-SQfXoN5HgnwdwJoTNQ.."
"IRC1559665...","System Administrator 1-IT","India","Grid Services","","","","","","","https://irecruitment.oracle.com/OA_HTML/OA.jsp?page=/oracle/apps/irc/candidateSelfService/webui/VisVacDispPG&akRegionApplicationId=821&transactionid=1385666605&retainAM=Y&addBreadCrumb=S&p_svid=1559665&p_spid=1611987&oapc=262&oas=D9FxYrNHX7gnhQ_H3Yv6OQ.."
"IRC1559664...","System Administrator 1-IT","India","Grid Services","","","","","","","https://irecruitment.oracle.com/OA_HTML/OA.jsp?page=/oracle/apps/irc/candidateSelfService/webui/VisVacDispPG&OAHP=IRC_EXT_SITE_VISITOR_APPL&OASF=IRC_VIS_VAC_DISPLAY&akRegionApplicationId=821&transactionid=1385666605&retainAM=N&addBreadCrumb=RP&p_svid=1559664&p_spid=1611986&oapc=265&oas=hfeaeOR9-AQtvJLMSfaQAA.."
"IRC1559663...","System Administrator 1-IT","India","Grid Services","","","","","","","https://irecruitment.oracle.com/OA_HTML/OA.jsp?page=/oracle/apps/irc/candidateSelfService/webui/VisVacDispPG&OAHP=IRC_EXT_SITE_VISITOR_APPL&OASF=IRC_VIS_VAC_DISPLAY&akRegionApplicationId=821&transactionid=1385666605&retainAM=N&addBreadCrumb=RP&p_svid=1559663&p_spid=1611985&oapc=268&oas=LS7A91TTUGH49racPwfcyQ.."
"IRC1559662...","Technology Sales Representative IV","New York, NY, US","ORCL USA","","","","","","","https://irecruitment.oracle.com/OA_HTML/OA.jsp?page=/oracle/apps/irc/candidateSelfService/webui/VisVacDispPG&akRegionApplicationId=821&transactionid=1385666605&retainAM=Y&addBreadCrumb=S&p_svid=1559662&p_spid=1611984&oapc=272&oas=q3TI5sSuuec6IkkeX9nH_Q.."
"IRC1559661...","Technology Sales Representative IV","Raleigh, NC, US","ORCL USA","","","","","","","https://irecruitment.oracle.com/OA_HTML/OA.jsp?page=/oracle/apps/irc/candidateSelfService/webui/VisVacDispPG&OAHP=IRC_EXT_SITE_VISITOR_APPL&OASF=IRC_VIS_VAC_DISPLAY&akRegionApplicationId=821&transactionid=1385666605&retainAM=N&addBreadCrumb=RP&p_svid=1559661&p_spid=1611983&oapc=275&oas=TzkIVU8pI11g8130FrPwZw.."
"IRC1559660...","Senior Principal Consultant","BOGOTA,CO","Oracle Consulting NOLA","","","","","","","https://irecruitment.oracle.com/OA_HTML/OA.jsp?page=/oracle/apps/irc/candidateSelfService/webui/VisVacDispPG&akRegionApplicationId=821&transactionid=1385666605&retainAM=Y&addBreadCrumb=S&p_svid=1559660&p_spid=1611982&oapc=280&oas=vCHWNahDoQVgZ58SDn93nw.."
"IRC1559659...","Business Planning Snr Director-Ops","Redwood Shores, CA, US","Oracle Education Foundation","","","","","","","https://irecruitment.oracle.com/OA_HTML/OA.jsp?page=/oracle/apps/irc/candidateSelfService/webui/VisVacDispPG&akRegionApplicationId=821&transactionid=1385666605&retainAM=Y&addBreadCrumb=S&p_svid=1559659&p_spid=1611981&oapc=284&oas=q8nlRELFT3P7LL-hUJQN-A.."
"IRC1559658...","Network/Telecom Systems Analyst 2-IT","Zapopan, JAL, MX","Security Operations","","","","","","","https://irecruitment.oracle.com/OA_HTML/OA.jsp?page=/oracle/apps/irc/candidateSelfService/webui/VisVacDispPG&akRegionApplicationId=821&transactionid=1385666605&retainAM=Y&addBreadCrumb=S&p_svid=1559658&p_spid=1611980&oapc=288&oas=u3DgxTRx3iWFNSYLM7CQ3A.."
"IRC1559650...","Applications Sales Representative IV","Sao Paulo,BR","SA Telco","","","","","","","https://irecruitment.oracle.com/OA_HTML/OA.jsp?page=/oracle/apps/irc/candidateSelfService/webui/VisVacDispPG&akRegionApplicationId=821&transactionid=1385666605&retainAM=Y&addBreadCrumb=S&p_svid=1559650&p_spid=1611972&oapc=292&oas=BE5KmJWo9jKhYd7YmKlcLg.."
"IRC1559684...","Technical Writer 1-ProdDev","India","Bangalore","","","","","","","https://irecruitment.oracle.com/OA_HTML/OA.jsp?page=/oracle/apps/irc/candidateSelfService/webui/VisVacDispPG&akRegionApplicationId=821&transactionid=1385666605&retainAM=Y&addBreadCrumb=S&p_svid=1559684&p_spid=1612006&oapc=296&oas=1z9NIinot1wW16BfOVTS2A.."
"IRC1559683...","Applications Developer 3","Outer Ring Road,IN","CRM Contact Center","","","","","","","https://irecruitment.oracle.com/OA_HTML/OA.jsp?page=/oracle/apps/irc/candidateSelfService/webui/VisVacDispPG&OAHP=IRC_EXT_SITE_VISITOR_APPL&OASF=IRC_VIS_VAC_DISPLAY&akRegionApplicationId=821&transactionid=1385666605&retainAM=N&addBreadCrumb=RP&p_svid=1559683&p_spid=1612005&oapc=299&oas=MGCyTBuptRJ2npvFi1rqQA.."
"IRC1559682...","Applications Developer 3","Redwood Shores, CA, US","Fusion Price Management","","","","","","","https://irecruitment.oracle.com/OA_HTML/OA.jsp?page=/oracle/apps/irc/candidateSelfService/webui/VisVacDispPG&akRegionApplicationId=821&transactionid=1385666605&retainAM=Y&addBreadCrumb=S&p_svid=1559682&p_spid=1612004&oapc=303&oas=lFJ5YS20jvNlLL4diLgBYg.."
"IRC1559679...","Applications Developer 3","India","Applications Development - Financials Management Solutions - PeopleSoft","","","","","","","https://irecruitment.oracle.com/OA_HTML/OA.jsp?page=/oracle/apps/irc/candidateSelfService/webui/VisVacDispPG&akRegionApplicationId=821&transactionid=1385666605&retainAM=Y&addBreadCrumb=S&p_svid=1559679&p_spid=1612001&oapc=307&oas=nO5kb2KkdlITjpW66FBGQw.."
"IRC1559678...","Hardware Sales Representative IV","Cincinnati, OH, US","NACH","","","","","","","https://irecruitment.oracle.com/OA_HTML/OA.jsp?page=/oracle/apps/irc/candidateSelfService/webui/VisVacDispPG&akRegionApplicationId=821&transactionid=1385666605&retainAM=Y&addBreadCrumb=S&p_svid=1559678&p_spid=1612000&oapc=311&oas=M6pLQLyvoS2yYrH7INC0Jg.."
"IRC1559677...","Technical Analyst 4-Support","Belmont, CA, US","Oracle On Demand","","","","","","","https://irecruitment.oracle.com/OA_HTML/OA.jsp?page=/oracle/apps/irc/candidateSelfService/webui/VisVacDispPG&OAHP=IRC_EXT_SITE_VISITOR_APPL&OASF=IRC_VIS_VAC_DISPLAY&akRegionApplicationId=821&transactionid=1385666605&retainAM=N&addBreadCrumb=RP&p_svid=1559677&p_spid=1611999&oapc=314&oas=YLPgyaGBSQVgGAl4-faSaQ.."
"IRC1559676...","System Administrator 1-IT","India","Grid Services","","","","","","","https://irecruitment.oracle.com/OA_HTML/OA.jsp?page=/oracle/apps/irc/candidateSelfService/webui/VisVacDispPG&akRegionApplicationId=821&transactionid=1385666605&retainAM=Y&addBreadCrumb=S&p_svid=1559676&p_spid=1611998&oapc=319&oas=YdIJEfxCqgNC1iQO2qnXvw.."
"IRC1559675...","System Administrator 1-IT","India","Grid Services","","","","","","","https://irecruitment.oracle.com/OA_HTML/OA.jsp?page=/oracle/apps/irc/candidateSelfService/webui/VisVacDispPG&OAHP=IRC_EXT_SITE_VISITOR_APPL&OASF=IRC_VIS_VAC_DISPLAY&akRegionApplicationId=821&transactionid=1385666605&retainAM=N&addBreadCrumb=RP&p_svid=1559675&p_spid=1611997&oapc=322&oas=7I7RGiTGHw8GTTOUO4zrPA.."
"IRC1559674...","System Administrator 1-IT","India","Grid Services","","","","","","","https://irecruitment.oracle.com/OA_HTML/OA.jsp?page=/oracle/apps/irc/candidateSelfService/webui/VisVacDispPG&OAHP=IRC_EXT_SITE_VISITOR_APPL&OASF=IRC_VIS_VAC_DISPLAY&akRegionApplicationId=821&transactionid=1385666605&retainAM=N&addBreadCrumb=RP&p_svid=1559674&p_spid=1611996&oapc=325&oas=WfPhyYf2J9SeKs6rG5HpIQ.."
"IRC1561641...","Contracts Administrator 2-Fin","San Jose,CR","NAMER Migrations","","","","","","","https://irecruitment.oracle.com/OA_HTML/OA.jsp?page=/oracle/apps/irc/candidateSelfService/webui/VisVacDispPG&akRegionApplicationId=821&transactionid=1385666605&retainAM=Y&addBreadCrumb=S&p_svid=1561641&p_spid=1613963&oapc=329&oas=MTn4iC0VAZfSEzw_S_RH7A.."
"IRC1561640...","Applications Developer 2","India","Oracle Fusion CRM - Customer Data Management (CDM) Organization","","","","","","","https://irecruitment.oracle.com/OA_HTML/OA.jsp?page=/oracle/apps/irc/candidateSelfService/webui/VisVacDispPG&akRegionApplicationId=821&transactionid=1385666605&retainAM=Y&addBreadCrumb=S&p_svid=1561640&p_spid=1613962&oapc=333&oas=UltQ-IQWca8BBArJ8Pz42g.."
"IRC1561639...","Applications Developer 2","India","Oracle Fusion CRM - Customer Data Management (CDM) Organization","","","","","","","https://irecruitment.oracle.com/OA_HTML/OA.jsp?page=/oracle/apps/irc/candidateSelfService/webui/VisVacDispPG&akRegionApplicationId=821&transactionid=1385666605&retainAM=Y&addBreadCrumb=S&p_svid=1561639&p_spid=1613961&oapc=337&oas=-_Q_c7DGkS7l--17xxiz-g.."
"IRC1561638...","Applications Developer 4","India","Oracle Fusion CRM - Customer Data Management (CDM) Organization","","","","","","","https://irecruitment.oracle.com/OA_HTML/OA.jsp?page=/oracle/apps/irc/candidateSelfService/webui/VisVacDispPG&OAHP=IRC_EXT_SITE_VISITOR_APPL&OASF=IRC_VIS_VAC_DISPLAY&akRegionApplicationId=821&transactionid=1385666605&retainAM=N&addBreadCrumb=RP&p_svid=1561638&p_spid=1613960&oapc=340&oas=cVHf1kxHzQJ0rYc9aq08ww.."
"IRC1561637...","Software Developer 2","India","Oracle Server Technology - IDC","","","","","","","https://irecruitment.oracle.com/OA_HTML/OA.jsp?page=/oracle/apps/irc/candidateSelfService/webui/VisVacDispPG&akRegionApplicationId=821&transactionid=1385666605&retainAM=Y&addBreadCrumb=S&p_svid=1561637&p_spid=1613959&oapc=344&oas=iEDE7AhE5AFmm6ITWy8-4Q.."
"IRC1561636...","Software Developer 2","India","Oracle Server Technology - IDC","","","","","","","https://irecruitment.oracle.com/OA_HTML/OA.jsp?page=/oracle/apps/irc/candidateSelfService/webui/VisVacDispPG&OAHP=IRC_EXT_SITE_VISITOR_APPL&OASF=IRC_VIS_VAC_DISPLAY&akRegionApplicationId=821&transactionid=1385666605&retainAM=N&addBreadCrumb=RP&p_svid=1561636&p_spid=1613958&oapc=347&oas=rPzgBiu_U2gyhOnN_9KFlA.."
"IRC1561635...","Student / Intern","India","Oracle PGBU","","","","","","","https://irecruitment.oracle.com/OA_HTML/OA.jsp?page=/oracle/apps/irc/candidateSelfService/webui/VisVacDispPG&OAHP=IRC_EXT_SITE_VISITOR_APPL&OASF=IRC_VIS_VAC_DISPLAY&akRegionApplicationId=821&transactionid=1385666605&retainAM=N&addBreadCrumb=RP&p_svid=1561635&p_spid=1613957&oapc=350&oas=SAOcIbp1hIj5Hm-SgEHd6A.."
"IRC1561634...","Student / Intern","India","Oracle PGBU","","","","","","","https://irecruitment.oracle.com/OA_HTML/OA.jsp?page=/oracle/apps/irc/candidateSelfService/webui/VisVacDispPG&OAHP=IRC_EXT_SITE_VISITOR_APPL&OASF=IRC_VIS_VAC_DISPLAY&akRegionApplicationId=821&transactionid=1385666605&retainAM=N&addBreadCrumb=RP&p_svid=1561634&p_spid=1613956&oapc=354&oas=EexK-mXBGMLZHIX3kozJyw.."
"IRC1561633...","Student / Intern","India","Oracle PGBU","","","","","","","https://irecruitment.oracle.com/OA_HTML/OA.jsp?page=/oracle/apps/irc/candidateSelfService/webui/VisVacDispPG&OAHP=IRC_EXT_SITE_VISITOR_APPL&OASF=IRC_VIS_VAC_DISPLAY&akRegionApplicationId=821&transactionid=1385666605&retainAM=N&addBreadCrumb=RP&p_svid=1561633&p_spid=1613955&oapc=357&oas=-Nn6fO7gpJJpLTl8i7qYqA.."
"IRC1563627...","Sales Snr Manager","Chicago, IL, US","Edge Applications Sales - Enterprise","","","","","","","https://irecruitment.oracle.com/OA_HTML/OA.jsp?page=/oracle/apps/irc/candidateSelfService/webui/VisVacDispPG&akRegionApplicationId=821&transactionid=1385666605&retainAM=Y&addBreadCrumb=S&p_svid=1563627&p_spid=1615949&oapc=361&oas=L3ejhXNeOGgobpdNd553Ug.."
"IRC1563624...","Technical Writer Snr Manager-ProdDev","India","Oracle Financial Services Analytical Applications","","","","","","","https://irecruitment.oracle.com/OA_HTML/OA.jsp?page=/oracle/apps/irc/candidateSelfService/webui/VisVacDispPG&akRegionApplicationId=821&transactionid=1385666605&retainAM=Y&addBreadCrumb=S&p_svid=1563624&p_spid=1615946&oapc=365&oas=dOfcTXCZ90SMtxU__FCVSA.."
"IRC1563623...","Software Developer 4","Broomfield, CO, US","Systems Management - OEM Ops Center Development","","","","","","","https://irecruitment.oracle.com/OA_HTML/OA.jsp?page=/oracle/apps/irc/candidateSelfService/webui/VisVacDispPG&akRegionApplicationId=821&transactionid=1385666605&retainAM=Y&addBreadCrumb=S&p_svid=1563623&p_spid=1615945&oapc=369&oas=_JWsv_OjNJHFrZKCct35FQ.."
"IRC1563621...","Hardware Sales Representative IV","Rochester, NY, US","North American Commercial Hardware","","","","","","","https://irecruitment.oracle.com/OA_HTML/OA.jsp?page=/oracle/apps/irc/candidateSelfService/webui/VisVacDispPG&OAHP=IRC_EXT_SITE_VISITOR_APPL&OASF=IRC_VIS_VAC_DISPLAY&akRegionApplicationId=821&transactionid=1385666605&retainAM=N&addBreadCrumb=RP&p_svid=1563621&p_spid=1615943&oapc=372&oas=RMTxNfZLVIaCMkYv_pERWg.."
"IRC1563620...","Technology Sales Representative V","BOGOTA,CO","General Business","","","","","","","https://irecruitment.oracle.com/OA_HTML/OA.jsp?page=/oracle/apps/irc/candidateSelfService/webui/VisVacDispPG&akRegionApplicationId=821&transactionid=1385666605&retainAM=Y&addBreadCrumb=S&p_svid=1563620&p_spid=1615942&oapc=376&oas=jezksKU3GojYsD03tXBOGA.."
"IRC1563618...","Applications Sales Representative IV","Salt Lake City, UT, US","West ERP Named Accounts","","","","","","","https://irecruitment.oracle.com/OA_HTML/OA.jsp?page=/oracle/apps/irc/candidateSelfService/webui/VisVacDispPG&akRegionApplicationId=821&transactionid=1385666605&retainAM=Y&addBreadCrumb=S&p_svid=1563618&p_spid=1615940&oapc=380&oas=2p6QkTYaQy2GA7aIe6bslA.."
"IRC1563617...","Applications Sales Representative III","Columbus, OH, US","Oracle ATG Web Commerce","","","","","","","https://irecruitment.oracle.com/OA_HTML/OA.jsp?page=/oracle/apps/irc/candidateSelfService/webui/VisVacDispPG&OAHP=IRC_EXT_SITE_VISITOR_APPL&OASF=IRC_VIS_VAC_DISPLAY&akRegionApplicationId=821&transactionid=1385666605&retainAM=N&addBreadCrumb=RP&p_svid=1563617&p_spid=1615939&oapc=383&oas=3bzdrXaDDpSjpzCOhnoZgg.."
"IRC1563612...","Territory Sales Rep III","Sao Paulo,BR","General Business Tech","","","","","","","https://irecruitment.oracle.com/OA_HTML/OA.jsp?page=/oracle/apps/irc/candidateSelfService/webui/VisVacDispPG&akRegionApplicationId=821&transactionid=1385666605&retainAM=Y&addBreadCrumb=S&p_svid=1563612&p_spid=1615934&oapc=387&oas=Ov5klBJ1ex8eYOOQLjbvmg.."
"IRC1563608...","Administrative Assistant A2","Cambridge, MA, US","North America Real Estate &amp; Facilities","","","","","","","https://irecruitment.oracle.com/OA_HTML/OA.jsp?page=/oracle/apps/irc/candidateSelfService/webui/VisVacDispPG&akRegionApplicationId=821&transactionid=1385666605&retainAM=Y&addBreadCrumb=S&p_svid=1563608&p_spid=1615930&oapc=392&oas=Ts7kWRsvgnDQggbDwHFY5Q.."
"IRC1563603...","Accounting Support A2-Fin","India","Data desk Analyst (Japanese Language Specialist)","","","","","","","https://irecruitment.oracle.com/OA_HTML/OA.jsp?page=/oracle/apps/irc/candidateSelfService/webui/VisVacDispPG&akRegionApplicationId=821&transactionid=1385666605&retainAM=Y&addBreadCrumb=S&p_svid=1563603&p_spid=1615925&oapc=396&oas=Yikdcmw520PoGauDkVSB_g.."
"IRC1563602...","Accounting Supervisor-Fin","India","Customer Data","","","","","","","https://irecruitment.oracle.com/OA_HTML/OA.jsp?page=/oracle/apps/irc/candidateSelfService/webui/VisVacDispPG&OAHP=IRC_EXT_SITE_VISITOR_APPL&OASF=IRC_VIS_VAC_DISPLAY&akRegionApplicationId=821&transactionid=1385666605&retainAM=N&addBreadCrumb=RP&p_svid=1563602&p_spid=1615924&oapc=399&oas=BxPVsOM0Nqw5Kr4aVSpGSA.."
"IRC1563601...","Accounting Supervisor-Fin","India","Customer Operations","","","","","","","https://irecruitment.oracle.com/OA_HTML/OA.jsp?page=/oracle/apps/irc/candidateSelfService/webui/VisVacDispPG&OAHP=IRC_EXT_SITE_VISITOR_APPL&OASF=IRC_VIS_VAC_DISPLAY&akRegionApplicationId=821&transactionid=1385666605&retainAM=N&addBreadCrumb=RP&p_svid=1563601&p_spid=1615923&oapc=402&oas=-17yEP16MsZKsa1jaElSqA.."
"IRC1563600...","CRM Applications Sales GTA","Toronto,CA","CRM","","","","","","","https://irecruitment.oracle.com/OA_HTML/OA.jsp?page=/oracle/apps/irc/candidateSelfService/webui/VisVacDispPG&akRegionApplicationId=821&transactionid=1385666605&retainAM=Y&addBreadCrumb=S&p_svid=1563600&p_spid=1615922&oapc=406&oas=uxg1wxUGJldw-8GrqrTKyw.."
"IRC1563599...","Accounting Manager-Fin","India","Customer Data Integrity","","","","","","","https://irecruitment.oracle.com/OA_HTML/OA.jsp?page=/oracle/apps/irc/candidateSelfService/webui/VisVacDispPG&akRegionApplicationId=821&transactionid=1385666605&retainAM=Y&addBreadCrumb=S&p_svid=1563599&p_spid=1615921&oapc=410&oas=c2AXTMnGmrTK1m8UJpX2dQ.."
"IRC1563597...","Senior Consultant","India","DBE1 - PeopleSoft","","","","","","","https://irecruitment.oracle.com/OA_HTML/OA.jsp?page=/oracle/apps/irc/candidateSelfService/webui/VisVacDispPG&akRegionApplicationId=821&transactionid=1385666605&retainAM=Y&addBreadCrumb=S&p_svid=1563597&p_spid=1615919&oapc=414&oas=jDCZOfDoj1SGgJlZ8Xo5zg.."
"IRC1563596...","Staff Consultant","India","DBE1 - PeopleSoft","","","","","","","https://irecruitment.oracle.com/OA_HTML/OA.jsp?page=/oracle/apps/irc/candidateSelfService/webui/VisVacDispPG&OAHP=IRC_EXT_SITE_VISITOR_APPL&OASF=IRC_VIS_VAC_DISPLAY&akRegionApplicationId=821&transactionid=1385666605&retainAM=N&addBreadCrumb=RP&p_svid=1563596&p_spid=1615918&oapc=417&oas=hsM9TjveZIwz757m-TuDAw.."
"IRC1561667...","Software Developer 3","Redwood City, CA, US","Enterprise Replication, RDBMS","","","","","","","https://irecruitment.oracle.com/OA_HTML/OA.jsp?page=/oracle/apps/irc/candidateSelfService/webui/VisVacDispPG&akRegionApplicationId=821&transactionid=1385666605&retainAM=Y&addBreadCrumb=S&p_svid=1561667&p_spid=1613989&oapc=421&oas=0VFdcKcQMATxsV3rzcBuKw.."
"IRC1561663...","QA Analyst 2-ProdDev","Bonifacio Taguig City,PH","RGBURD SU MOM","","","","","","","https://irecruitment.oracle.com/OA_HTML/OA.jsp?page=/oracle/apps/irc/candidateSelfService/webui/VisVacDispPG&OAHP=IRC_EXT_SITE_VISITOR_APPL&OASF=IRC_VIS_VAC_DISPLAY&akRegionApplicationId=821&transactionid=1385666605&retainAM=N&addBreadCrumb=RP&p_svid=1561663&p_spid=1613985&oapc=424&oas=HlinEF81PfUFzsSMu6EzQA.."
"IRC1561662...","Administrative Assistant A3","Redwood Shores, CA, US","West CRM","","","","","","","https://irecruitment.oracle.com/OA_HTML/OA.jsp?page=/oracle/apps/irc/candidateSelfService/webui/VisVacDispPG&OAHP=IRC_EXT_SITE_VISITOR_APPL&OASF=IRC_VIS_VAC_DISPLAY&akRegionApplicationId=821&transactionid=1385666605&retainAM=N&addBreadCrumb=RP&p_svid=1561662&p_spid=1613984&oapc=428&oas=TlViHea1IPo_zl1ase95-g.."
"IRC1561661...","Senior Consultant","India","GSD Functional Practice","","","","","","","https://irecruitment.oracle.com/OA_HTML/OA.jsp?page=/oracle/apps/irc/candidateSelfService/webui/VisVacDispPG&akRegionApplicationId=821&transactionid=1385666605&retainAM=Y&addBreadCrumb=S&p_svid=1561661&p_spid=1613983&oapc=432&oas=HRXtzWBouTi48M7IZCHo-g.."
"IRC1561660...","Technology Sales Representative III","Rio de Janeiro,BR","Sales Rio","","","","","","","https://irecruitment.oracle.com/OA_HTML/OA.jsp?page=/oracle/apps/irc/candidateSelfService/webui/VisVacDispPG&akRegionApplicationId=821&transactionid=1385666605&retainAM=Y&addBreadCrumb=S&p_svid=1561660&p_spid=1613982&oapc=436&oas=tWJqKLIqNOjZJrdS-H2zdQ.."
"IRC1561658...","Technology Sales Representative III","Rio de Janeiro,BR","Sales Rio","","","","","","","https://irecruitment.oracle.com/OA_HTML/OA.jsp?page=/oracle/apps/irc/candidateSelfService/webui/VisVacDispPG&OAHP=IRC_EXT_SITE_VISITOR_APPL&OASF=IRC_VIS_VAC_DISPLAY&akRegionApplicationId=821&transactionid=1385666605&retainAM=N&addBreadCrumb=RP&p_svid=1561658&p_spid=1613980&oapc=439&oas=Eo6C6gzArrgCN0nBln-YlQ.."
"IRC1561657...","Technology Sales Representative III","Belo Horizonte,BR","Sales BH","","","","","","","https://irecruitment.oracle.com/OA_HTML/OA.jsp?page=/oracle/apps/irc/candidateSelfService/webui/VisVacDispPG&OAHP=IRC_EXT_SITE_VISITOR_APPL&OASF=IRC_VIS_VAC_DISPLAY&akRegionApplicationId=821&transactionid=1385666605&retainAM=N&addBreadCrumb=RP&p_svid=1561657&p_spid=1613979&oapc=442&oas=HDY5ROLsytHDv9aPM8PoQg.."
"IRC1561656...","Technology Sales Representative III","Rio de Janeiro,BR","Sales Rio","","","","","","","https://irecruitment.oracle.com/OA_HTML/OA.jsp?page=/oracle/apps/irc/candidateSelfService/webui/VisVacDispPG&OAHP=IRC_EXT_SITE_VISITOR_APPL&OASF=IRC_VIS_VAC_DISPLAY&akRegionApplicationId=821&transactionid=1385666605&retainAM=N&addBreadCrumb=RP&p_svid=1561656&p_spid=1613978&oapc=445&oas=Agp365WKW-UZm7L66FzVgQ.."
"IRC1561652...","Applications Sales Representative III","Pleasanton, CA, US","Edge Products - GRC","","","","","","","https://irecruitment.oracle.com/OA_HTML/OA.jsp?page=/oracle/apps/irc/candidateSelfService/webui/VisVacDispPG&akRegionApplicationId=821&transactionid=1385666605&retainAM=Y&addBreadCrumb=S&p_svid=1561652&p_spid=1613974&oapc=449&oas=KfkcnvuGsqomD7xexv9EGw.."
"IRC1561683...","Technical Writer 3-ProdDev","India","AIA Documentation","","","","","","","https://irecruitment.oracle.com/OA_HTML/OA.jsp?page=/oracle/apps/irc/candidateSelfService/webui/VisVacDispPG&akRegionApplicationId=821&transactionid=1385666605&retainAM=Y&addBreadCrumb=S&p_svid=1561683&p_spid=1614005&oapc=453&oas=SnEdvbpFer7shI0oUDFtcw.."
"IRC1561682...","Applications Developer 2","Hyderabad,IN","Hyd","","","","","","","https://irecruitment.oracle.com/OA_HTML/OA.jsp?page=/oracle/apps/irc/candidateSelfService/webui/VisVacDispPG&OAHP=IRC_EXT_SITE_VISITOR_APPL&OASF=IRC_VIS_VAC_DISPLAY&akRegionApplicationId=821&transactionid=1385666605&retainAM=N&addBreadCrumb=RP&p_svid=1561682&p_spid=1614004&oapc=456&oas=IstaDfneDj6Gb8ZW7503kQ.."
"IRC1561681...","Office Services Manager","India","Real Estate &amp; Facilities","","","","","","","https://irecruitment.oracle.com/OA_HTML/OA.jsp?page=/oracle/apps/irc/candidateSelfService/webui/VisVacDispPG&OAHP=IRC_EXT_SITE_VISITOR_APPL&OASF=IRC_VIS_VAC_DISPLAY&akRegionApplicationId=821&transactionid=1385666605&retainAM=N&addBreadCrumb=RP&p_svid=1561681&p_spid=1614003&oapc=459&oas=LlLEqwCTUO31_6HFrKioFg.."
"IRC1561680...","Database Administrator 2-IT","India","Environment Operations","","","","","","","https://irecruitment.oracle.com/OA_HTML/OA.jsp?page=/oracle/apps/irc/candidateSelfService/webui/VisVacDispPG&akRegionApplicationId=821&transactionid=1385666605&retainAM=Y&addBreadCrumb=S&p_svid=1561680&p_spid=1614002&oapc=464&oas=Hoxdmy2_-8UR2PiSvsFaYA.."
"IRC1561679...","Hardware Sales Representative IV","Santa Clara, CA, US","NACH","","","","","","","https://irecruitment.oracle.com/OA_HTML/OA.jsp?page=/oracle/apps/irc/candidateSelfService/webui/VisVacDispPG&akRegionApplicationId=821&transactionid=1385666605&retainAM=Y&addBreadCrumb=S&p_svid=1561679&p_spid=1614001&oapc=468&oas=Scu4nOkH-wPVTWgH-31y-A.."
"IRC1561678...","Hardware Sales Representative IV","Santa Clara, CA, US","NACH","","","","","","","https://irecruitment.oracle.com/OA_HTML/OA.jsp?page=/oracle/apps/irc/candidateSelfService/webui/VisVacDispPG&OAHP=IRC_EXT_SITE_VISITOR_APPL&OASF=IRC_VIS_VAC_DISPLAY&akRegionApplicationId=821&transactionid=1385666605&retainAM=N&addBreadCrumb=RP&p_svid=1561678&p_spid=1614000&oapc=471&oas=VSk2Wj5fU5xEgt5oL08oTg.."
"IRC1561677...","Business Analyst 2-Ops","Buenos Aires 1001, AR","LAD HW Operations","","","","","","","https://irecruitment.oracle.com/OA_HTML/OA.jsp?page=/oracle/apps/irc/candidateSelfService/webui/VisVacDispPG&akRegionApplicationId=821&transactionid=1385666605&retainAM=Y&addBreadCrumb=S&p_svid=1561677&p_spid=1613999&oapc=475&oas=WRTM6hbEAtExvSI-LkWlXA.."
"IRC1561672...","Master Principal Sales Consultant","Chicago, IL, US","Oracle On Demand","","","","","","","https://irecruitment.oracle.com/OA_HTML/OA.jsp?page=/oracle/apps/irc/candidateSelfService/webui/VisVacDispPG&akRegionApplicationId=821&transactionid=1385666605&retainAM=Y&addBreadCrumb=S&p_svid=1561672&p_spid=1613994&oapc=479&oas=K-ibewP2bu2bCqjysRrcGg.."
"IRC1561671...","Hardware Sales Representative IV","San Diego, CA, US","NACH","","","","","","","https://irecruitment.oracle.com/OA_HTML/OA.jsp?page=/oracle/apps/irc/candidateSelfService/webui/VisVacDispPG&OAHP=IRC_EXT_SITE_VISITOR_APPL&OASF=IRC_VIS_VAC_DISPLAY&akRegionApplicationId=821&transactionid=1385666605&retainAM=N&addBreadCrumb=RP&p_svid=1561671&p_spid=1613993&oapc=482&oas=9qDXj6T4vD26-IZ7MSc0aA.."
"IRC1561669...","Sales Snr Manager","Reston, VA, US","ORCL USA","","","","","","","https://irecruitment.oracle.com/OA_HTML/OA.jsp?page=/oracle/apps/irc/candidateSelfService/webui/VisVacDispPG&OAHP=IRC_EXT_SITE_VISITOR_APPL&OASF=IRC_VIS_VAC_DISPLAY&akRegionApplicationId=821&transactionid=1385666605&retainAM=N&addBreadCrumb=RP&p_svid=1561669&p_spid=1613991&oapc=485&oas=Q7IwlgVSHAvn4DaCt5kV1w.."
"IRC1561668...","Hardware Developer 3","Burlington, MA, US","Microelectronics","","","","","","","https://irecruitment.oracle.com/OA_HTML/OA.jsp?page=/oracle/apps/irc/candidateSelfService/webui/VisVacDispPG&OAHP=IRC_EXT_SITE_VISITOR_APPL&OASF=IRC_VIS_VAC_DISPLAY&akRegionApplicationId=821&transactionid=1385666605&retainAM=N&addBreadCrumb=RP&p_svid=1561668&p_spid=1613990&oapc=488&oas=B6XTlrFprTIkq07jk-F1yw.."
"IRC1561651...","Principal Consultant","Miami, FL, US","SE Commercial Consulting - South Central","","","","","","","https://irecruitment.oracle.com/OA_HTML/OA.jsp?page=/oracle/apps/irc/candidateSelfService/webui/VisVacDispPG&OAHP=IRC_EXT_SITE_VISITOR_APPL&OASF=IRC_VIS_VAC_DISPLAY&akRegionApplicationId=821&transactionid=1385666605&retainAM=N&addBreadCrumb=RP&p_svid=1561651&p_spid=1613973&oapc=491&oas=xTOOhFRPQQS8GG21hmhpdQ.."
"IRC1561650...","Principal Consultant","Pittsburgh, PA, US","SE Commercial Consulting - South Central","","","","","","","https://irecruitment.oracle.com/OA_HTML/OA.jsp?page=/oracle/apps/irc/candidateSelfService/webui/VisVacDispPG&OAHP=IRC_EXT_SITE_VISITOR_APPL&OASF=IRC_VIS_VAC_DISPLAY&akRegionApplicationId=821&transactionid=1385666605&retainAM=N&addBreadCrumb=RP&p_svid=1561650&p_spid=1613972&oapc=494&oas=B_-XglKIVws7ROAxK-_xAg.."
"IRC1561649...","Principal Consultant","Chicago, IL, US","SE Commercial Consulting - South Central","","","","","","","https://irecruitment.oracle.com/OA_HTML/OA.jsp?page=/oracle/apps/irc/candidateSelfService/webui/VisVacDispPG&OAHP=IRC_EXT_SITE_VISITOR_APPL&OASF=IRC_VIS_VAC_DISPLAY&akRegionApplicationId=821&transactionid=1385666605&retainAM=N&addBreadCrumb=RP&p_svid=1561649&p_spid=1613971&oapc=498&oas=_gkKpq4iX6YkZH6CjIeENw.."
"IRC1561648...","Principal Consultant","Chicago, IL, US","SE Commercial Consulting - South Central","","","","","","","https://irecruitment.oracle.com/OA_HTML/OA.jsp?page=/oracle/apps/irc/candidateSelfService/webui/VisVacDispPG&OAHP=IRC_EXT_SITE_VISITOR_APPL&OASF=IRC_VIS_VAC_DISPLAY&akRegionApplicationId=821&transactionid=1385666605&retainAM=N&addBreadCrumb=RP&p_svid=1561648&p_spid=1613970&oapc=501&oas=_Exbt9WjGirtO6e8BQCXEA.."
"IRC1561647...","Principal Consultant","Atlanta, GA, US","SE Commercial Consulting - South Central","","","","","","","https://irecruitment.oracle.com/OA_HTML/OA.jsp?page=/oracle/apps/irc/candidateSelfService/webui/VisVacDispPG&OAHP=IRC_EXT_SITE_VISITOR_APPL&OASF=IRC_VIS_VAC_DISPLAY&akRegionApplicationId=821&transactionid=1385666605&retainAM=N&addBreadCrumb=RP&p_svid=1561647&p_spid=1613969&oapc=504&oas=sKxjTvEnk-sGMu4sYO9JvQ.."
"IRC1561646...","Principal Consultant","Atlanta, GA, US","SE Commercial Consulting - South Central","","","","","","","https://irecruitment.oracle.com/OA_HTML/OA.jsp?page=/oracle/apps/irc/candidateSelfService/webui/VisVacDispPG&OAHP=IRC_EXT_SITE_VISITOR_APPL&OASF=IRC_VIS_VAC_DISPLAY&akRegionApplicationId=821&transactionid=1385666605&retainAM=N&addBreadCrumb=RP&p_svid=1561646&p_spid=1613968&oapc=507&oas=w2KmP6RIKGU11Io-wnQaAA.."
"IRC1561644...","Principal Consultant","Irving, TX, US","SE Commercial Consulting - South Central","","","","","","","https://irecruitment.oracle.com/OA_HTML/OA.jsp?page=/oracle/apps/irc/candidateSelfService/webui/VisVacDispPG&OAHP=IRC_EXT_SITE_VISITOR_APPL&OASF=IRC_VIS_VAC_DISPLAY&akRegionApplicationId=821&transactionid=1385666605&retainAM=N&addBreadCrumb=RP&p_svid=1561644&p_spid=1613966&oapc=510&oas=VKRj7cdix8RmKIVYMaiNFg.."
"IRC1561643...","Principal Consultant","Irving, TX, US","SE Commercial Consulting - South Central","","","","","","","https://irecruitment.oracle.com/OA_HTML/OA.jsp?page=/oracle/apps/irc/candidateSelfService/webui/VisVacDispPG&OAHP=IRC_EXT_SITE_VISITOR_APPL&OASF=IRC_VIS_VAC_DISPLAY&akRegionApplicationId=821&transactionid=1385666605&retainAM=N&addBreadCrumb=RP&p_svid=1561643&p_spid=1613965&oapc=513&oas=4CCsBsa9SBF1Q0JDFlyP3g.."
"IRC1559673...","System Administrator 1-IT","India","Grid Services","","","","","","","https://irecruitment.oracle.com/OA_HTML/OA.jsp?page=/oracle/apps/irc/candidateSelfService/webui/VisVacDispPG&akRegionApplicationId=821&transactionid=1385666605&retainAM=Y&addBreadCrumb=S&p_svid=1559673&p_spid=1611995&oapc=517&oas=HBFFCNfeEJvGwj1VbPgETw.."
"IRC1559672...","System Administrator 1-IT","India","Grid Services","","","","","","","https://irecruitment.oracle.com/OA_HTML/OA.jsp?page=/oracle/apps/irc/candidateSelfService/webui/VisVacDispPG&OAHP=IRC_EXT_SITE_VISITOR_APPL&OASF=IRC_VIS_VAC_DISPLAY&akRegionApplicationId=821&transactionid=1385666605&retainAM=N&addBreadCrumb=RP&p_svid=1559672&p_spid=1611994&oapc=520&oas=6r3CfvjeeDcePyjIypmI5A.."
"IRC1559671...","System Administrator 1-IT","India","Grid Services","","","","","","","https://irecruitment.oracle.com/OA_HTML/OA.jsp?page=/oracle/apps/irc/candidateSelfService/webui/VisVacDispPG&OAHP=IRC_EXT_SITE_VISITOR_APPL&OASF=IRC_VIS_VAC_DISPLAY&akRegionApplicationId=821&transactionid=1385666605&retainAM=N&addBreadCrumb=RP&p_svid=1559671&p_spid=1611993&oapc=523&oas=1KxWmb4OImHz0dmivGF5aA.."
"IRC1559670...","System Administrator 1-IT","India","Grid Services","","","","","","","https://irecruitment.oracle.com/OA_HTML/OA.jsp?page=/oracle/apps/irc/candidateSelfService/webui/VisVacDispPG&OAHP=IRC_EXT_SITE_VISITOR_APPL&OASF=IRC_VIS_VAC_DISPLAY&akRegionApplicationId=821&transactionid=1385666605&retainAM=N&addBreadCrumb=RP&p_svid=1559670&p_spid=1611992&oapc=526&oas=fE-DiSYoGqWVYs7t-BLv7Q.."